"pitches","player_id","player_name","total_pitches","pitch_percent","ba","iso","babip","slg","woba","xwoba","xba","hits","abs","launch_speed","launch_angle","spin_rate","velocity","effective_speed","whiffs","swings","takes","eff_min_vel","release_extension","pos3_int_start_distance","pos4_int_start_distance","pos5_int_start_distance","pos6_int_start_distance","pos7_int_start_distance","pos8_int_start_distance","pos9_int_start_distance"
2199,450203,"Morton, Charlie",5890,37.3,0.148,0.103,0.242,0.251,0.217,0.231,0.168,79,534,85.6,6.5,3061,81,80.49,410,1002,1197,-0.5,6.21,111,152,127,146,301,323,300
1993,425794,"Wainwright, Adam",6201,32.1,0.228,0.111,0.278,0.338,0.266,0.283,0.241,119,523,85.2,8.7,2809,73.2,72.65,228,923,1070,-0.6000000000000085,6.33,116,157,116,149,298,320,301
1826,628711,"Urías, Julio",5408,33.8,0.177,0.116,0.225,0.292,0.219,0.224,0.184,75,424,83.1,19,2899,81.1,80.07,203,851,975,-1,5.58,110,155,117,149,299,315,289
1771,621244,"Berríos, José",5764,30.7,0.205,0.153,0.296,0.358,0.258,0.265,0.208,86,419,87.2,13.7,2313,82.9,82.57,249,757,1014,-0.30000000000001137,6.28,109,158,120,149,296,324,298
1644,448179,"Hill, Rich",4486,36.6,0.227,0.102,0.265,0.33,0.287,0.31,0.244,100,440,85.8,10.5,2681,71.8,70.79,149,793,851,-1,6.08,104,153,116,148,297,324,293
1490,664285,"Valdez, Framber",5108,29.2,0.137,0.059,0.289,0.196,0.201,0.214,0.151,53,387,86.8,1.2,2859,78.6,77.49,315,700,790,-1.0999999999999943,5.9,109,154,116,148,294,322,290
1266,608331,"Fried, Max",5376,23.5,0.166,0.074,0.284,0.24,0.191,0.198,0.17,45,271,83,9.4,2697,74.4,73.83,195,521,745,-0.6000000000000085,6.17,107,152,120,149,307,322,291
1259,607200,"Fedde, Erick",4830,26.1,0.271,0.173,0.354,0.444,0.333,0.325,0.254,72,266,87,18.6,2341,79,79.14,172,545,714,0.09999999999999432,6.52,112,154,121,145,300,320,294
1239,605397,"Musgrove, Joe",5772,21.5,0.161,0.117,0.241,0.278,0.239,0.25,0.187,44,273,88.2,0.5,2770,81.8,80.86,186,542,697,-0.8999999999999915,5.93,114,158,129,146,297,320,306
1212,656756,"Montgomery, Jordan",5285,22.9,0.174,0.108,0.285,0.281,0.216,0.224,0.182,50,288,86.4,10.9,2254,80.1,80.39,238,564,648,0.30000000000001137,6.56,109,153,119,148,298,323,289
1098,500779,"Quintana, Jose",3964,27.7,0.228,0.101,0.313,0.329,0.276,0.295,0.234,54,237,87.2,13,2258,78.5,78.64,161,488,610,0.09999999999999432,6.4,110,154,117,150,304,322,297
1077,669203,"Burnes, Corbin",5868,18.4,0.1,0.096,0.175,0.196,0.155,0.152,0.115,22,219,82.4,17.1,2807,81.4,81.59,218,447,630,0.19999999999998863,6.32,113,154,119,147,297,320,297
1062,446372,"Kluber, Corey",3792,28,0.232,0.141,0.324,0.374,0.285,0.277,0.223,69,297,85.7,18.9,2518,81.2,81.05,168,525,537,-0.20000000000000284,6.35,109,155,117,149,301,325,293
1002,518516,"Bumgarner, Madison",5009,20,0.225,0.141,0.29,0.365,0.279,0.289,0.228,56,249,87,13.7,2383,78.2,78.02,123,455,547,-0.20000000000000284,6.37,109,153,120,148,300,324,295
991,666200,"Luzardo, Jesús",3371,29.4,0.173,0.142,0.291,0.316,0.247,0.23,0.165,39,225,88.8,12.6,2279,83.6,82.46,194,463,528,-1.0999999999999943,5.61,107,150,118,149,300,317,289
972,663474,"McKenzie, Triston",4782,20.3,0.118,0.059,0.238,0.177,0.143,0.163,0.136,28,237,86.6,13,2179,79.4,79.91,208,464,508,0.5,6.58,114,158,121,151,292,317,294
968,543243,"Gray, Sonny",4100,23.6,0.219,0.109,0.289,0.328,0.258,0.282,0.241,40,183,88.2,6.5,2787,79,78.69,112,405,563,-0.29999999999999716,6.39,114,158,115,150,292,323,292
952,680686,"Gray, Josiah",3810,25,0.185,0.17,0.252,0.355,0.265,0.253,0.18,37,200,85,13,2470,83,81.69,148,397,555,-1.2999999999999972,5.44,116,157,125,146,299,320,299
941,543475,"Lyles, Jordan",5952,15.8,0.273,0.159,0.34,0.432,0.311,0.311,0.261,60,220,90.9,7.3,2540,79.8,79.92,94,387,554,0.10000000000000853,6.6,113,158,119,149,298,325,297
939,593334,"Germán, Domingo",2660,35.3,0.18,0.12,0.267,0.3,0.243,0.25,0.191,36,200,86.3,13,2615,81.1,80.76,180,447,492,-0.29999999999999716,5.98,110,156,119,148,295,327,290
938,657140,"Wright, Kyle",2830,33.1,0.21,0.095,0.302,0.306,0.253,0.264,0.219,53,252,88.5,3.5,2721,84.7,84.85,156,464,474,0.09999999999999432,6.4,113,152,120,149,303,324,301
905,502179,"Espino, Paolo",3608,25.1,0.211,0.146,0.283,0.358,0.258,0.275,0.234,52,246,84.8,7.3,2996,71.2,70.6,142,464,441,-0.6000000000000085,6.44,113,157,127,146,300,321,299
896,663556,"McClanahan, Shane",4417,20.3,0.163,0.06,0.25,0.223,0.193,0.225,0.187,38,233,86.6,1.6,2637,82.2,82.89,123,363,533,0.7000000000000028,6.8,104,153,114,148,304,325,295
891,607536,"Freeland, Kyle",4725,18.9,0.183,0.112,0.292,0.295,0.245,0.253,0.19,49,268,89,7.2,2442,80.6,81.27,157,448,443,0.7000000000000028,6.51,110,153,124,146,303,329,299
884,425844,"Greinke, Zack",4849,18.2,0.235,0.181,0.226,0.415,0.281,0.295,0.251,61,260,84.5,14.7,2400,71.6,70.81,95,457,427,-0.7999999999999972,5.84,112,156,116,149,296,325,297
877,572955,"Johnson, Pierce",1325,66.2,0.211,0.139,0.295,0.349,0.265,0.27,0.213,44,209,87.5,16.1,2885,84.3,83.32,129,405,472,-1,5.73,115,154,132,146,298,322,310
871,543135,"Eovaldi, Nathan",4666,18.7,0.181,0.098,0.265,0.28,0.214,0.214,0.184,35,193,83.2,10.5,2077,78.5,78.77,142,379,492,0.29999999999999716,6.58,113,157,116,151,289,325,299
870,663460,"Bubic, Kris",4464,19.5,0.312,0.121,0.347,0.434,0.333,0.321,0.279,54,173,89,-4.7,2613,79,78.79,56,316,554,-0.20000000000000284,6.33,106,155,115,146,301,324,301
866,592791,"Taillon, Jameson",5177,16.7,0.213,0.086,0.317,0.299,0.246,0.247,0.206,42,197,87.8,10.2,2733,80.9,80.9,103,337,529,0,6.57,112,155,119,149,295,326,289
851,518876,"Kelly, Merrill",5496,15.5,0.221,0.132,0.282,0.353,0.265,0.304,0.259,45,204,89.6,6.1,2557,81.7,81.4,97,367,484,-0.29999999999999716,6.17,112,154,119,150,300,324,299
834,666120,"Anderson, Ian",4180,20,0.276,0.166,0.327,0.441,0.324,0.286,0.246,40,145,87.9,8.5,1886,81.1,81.67,114,311,523,0.6000000000000085,6.81,111,153,126,145,304,323,297
826,608723,"Voth, Austin",2783,29.7,0.247,0.148,0.32,0.396,0.3,0.295,0.246,45,182,85.4,8.8,2980,77.9,77.1,102,352,474,-0.8000000000000114,6.08,110,156,119,147,301,322,295
815,642232,"Yarbrough, Ryan",3843,21.2,0.19,0.166,0.218,0.356,0.27,0.248,0.178,39,205,80.2,27.4,2224,71.2,70.54,142,435,380,-0.7000000000000028,6.46,107,155,120,149,299,321,295
791,605540,"Woodruff, Brandon",5348,14.8,0.169,0.125,0.232,0.294,0.206,0.227,0.198,27,160,87.9,5.7,2585,83.9,84.16,91,309,482,0.29999999999999716,6.41,112,154,117,148,297,321,298
779,571945,"Mikolas, Miles",3861,20.2,0.252,0.159,0.28,0.411,0.307,0.299,0.249,38,151,86.7,10.1,2557,76.2,75.99,57,296,483,-0.20000000000000284,6.4,117,157,114,150,298,321,301
761,656638,"Lange, Alex",1685,45.2,0.201,0.128,0.346,0.329,0.265,0.253,0.187,33,164,86.4,7.4,2160,85.2,85.38,197,362,399,0.20000000000000284,6.41,108,154,116,146,302,328,294
746,650644,"Civale, Aaron",3497,21.3,0.149,0.105,0.238,0.254,0.192,0.2,0.17,27,181,83.6,8.1,2909,76.4,74.34,140,343,403,-2.1000000000000085,5.76,114,155,119,150,293,318,295
739,594835,"Gonzales, Marco",5162,14.3,0.256,0.128,0.287,0.385,0.292,0.343,0.294,40,156,90.2,5.7,2195,75.9,75.74,65,321,418,-0.20000000000000284,6.25,108,153,116,146,295,319,289
713,641778,"Lauer, Eric",4632,15.4,0.245,0.173,0.25,0.417,0.298,0.318,0.266,34,139,86.6,13,2418,78.5,77.33,46,257,456,-1.2000000000000028,6.01,108,153,118,146,299,320,296
698,614179,"Ruiz, José",2152,32.4,0.171,0.099,0.245,0.27,0.22,0.238,0.198,26,152,86.4,4.7,2343,85.9,85.41,93,278,420,-0.5,5.91,110,150,116,147,299,322,296
682,656605,"Keller, Mitch",4519,15.1,0.346,0.137,0.403,0.484,0.38,0.349,0.307,53,153,90.2,4.7,2592,78.6,78.13,46,269,413,-0.5,6.24,109,151,116,150,301,323,298
666,608717,"Stratton, Chris",2474,26.9,0.2,0.103,0.265,0.303,0.23,0.243,0.202,29,145,87,11.4,3154,80.5,80.66,84,288,378,0.20000000000000284,6.56,109,151,116,148,301,321,296
665,605483,"Snell, Blake",4688,14.2,0.188,0.135,0.313,0.323,0.269,0.272,0.191,25,133,86.5,6.9,2280,80.5,80.59,121,269,396,0.09999999999999432,6.67,111,154,121,147,299,321,304
636,605507,"Thompson, Zach",3274,19.4,0.211,0.106,0.354,0.317,0.259,0.229,0.184,30,142,84.1,10.7,2251,76.8,76.61,108,256,380,-0.20000000000000284,6.2,109,153,118,148,298,322,295
635,622251,"Staumont, Josh",1827,34.8,0.228,0.174,0.345,0.403,0.29,0.256,0.209,34,149,92,18.8,2715,81.7,81.71,94,261,374,0,6.48,108,155,118,146,302,323,301
630,608344,"Irvin, Cole",5292,11.9,0.3,0.281,0.298,0.581,0.377,0.35,0.284,48,160,89.4,21.8,2071,77.4,77.33,61,302,328,-0.10000000000000853,6.21,111,152,118,149,300,323,296
629,664208,"Maton, Phil",2263,27.8,0.2,0.152,0.283,0.352,0.287,0.269,0.201,33,165,82.4,8.2,2991,75.2,75.56,116,324,305,0.3999999999999915,7.05,114,154,117,150,292,321,293
623,554430,"Wheeler, Zack",5563,11.2,0.194,0.147,0.328,0.341,0.248,0.223,0.175,25,129,84.6,-0.6,2645,81.4,82.38,95,256,367,1,7.02,111,151,114,147,294,323,293
622,660761,"Suarez, José",3433,18.1,0.245,0.157,0.289,0.402,0.313,0.29,0.225,25,102,85.7,9.3,2731,78.2,75.69,54,227,395,-2.5,6.07,112,154,114,149,300,324,294
621,605130,"Barlow, Scott",2421,25.7,0.146,0.064,0.265,0.21,0.18,0.182,0.145,23,157,82.4,7.1,2499,78.9,79.19,129,302,319,0.29999999999999716,6.75,110,157,118,147,299,323,302
616,675916,"Karinchak, James",1736,35.5,0.168,0.093,0.333,0.262,0.223,0.219,0.174,18,107,88.9,22.3,2344,83.1,81,79,180,436,-2.0999999999999943,5.83,114,155,117,150,293,316,293
595,571927,"Matz, Steven",3406,17.5,0.256,0.171,0.333,0.427,0.301,0.265,0.227,30,117,85.9,11.7,2346,77.7,77.32,71,244,351,-0.4000000000000057,6.34,109,155,118,148,295,318,292
584,664141,"Brubaker, JT",4325,13.5,0.224,0.136,0.258,0.36,0.27,0.274,0.235,28,125,87.5,14.7,2808,79.8,78.92,81,259,325,-0.8999999999999915,5.64,110,152,114,149,300,323,298
575,607625,"Lugo, Seth",1809,31.8,0.171,0.094,0.214,0.265,0.195,0.255,0.226,20,117,88.1,2.5,3256,79.6,78.08,76,248,327,-1.5,5.65,113,157,115,150,299,327,302
574,477132,"Kershaw, Clayton",3648,15.7,0.179,0.086,0.28,0.264,0.19,0.189,0.182,25,140,82.1,13.5,2462,73.7,73.39,89,229,345,-0.29999999999999716,6.24,108,155,116,147,301,315,290
571,468504,"Chacín, Jhoulys",1856,30.8,0.21,0.25,0.278,0.46,0.3,0.244,0.187,26,124,82.3,13.5,2485,80.7,80.4,72,253,318,-0.29999999999999716,5.9,110,150,122,146,300,329,302
556,605135,"Bassitt, Chris",5267,10.6,0.15,0.079,0.233,0.229,0.183,0.199,0.174,21,140,82,11,2330,71.6,70.99,74,242,314,-0.5999999999999943,6.22,113,156,120,151,298,327,302
555,605288,"Houser, Adrian",4200,13.2,0.289,0.122,0.333,0.411,0.328,0.388,0.322,26,90,91.6,8.7,1905,80.5,80.34,39,189,366,-0.20000000000000284,6.44,111,153,117,147,298,320,297
549,624522,"Thompson, Keegan",2844,19.3,0.199,0.17,0.256,0.369,0.264,0.275,0.215,28,141,87.8,6.3,2563,81.8,79.82,86,241,308,-2,6.11,110,153,115,153,296,321,295
537,643338,"Green, Chad",1553,34.6,0.202,0.202,0.237,0.403,0.269,0.251,0.192,24,119,85.7,20.4,2564,85,85.37,92,255,282,0.4000000000000057,6.6,109,155,117,147,299,325,288
531,622503,"Crismatt, Nabil",2399,22.1,0.266,0.139,0.306,0.405,0.315,0.306,0.231,21,79,87.8,10.6,2246,72.2,72.52,46,166,365,0.29999999999999716,7.02,112,156,124,145,300,322,307
515,666157,"Lodolo, Nick",1779,28.9,0.136,0.144,0.245,0.28,0.256,0.22,0.106,16,118,85.2,26.1,2733,81.5,81.42,110,239,276,-0.09999999999999432,6.36,112,151,120,146,292,316,284
514,656529,"Hentges, Sam",2204,23.3,0.146,0.031,0.292,0.177,0.179,0.211,0.17,19,130,86.6,3.7,2507,80.7,80.98,74,213,301,0.29999999999999716,6.66,110,152,119,148,296,315,287
509,623167,"Flexen, Chris",5015,10.1,0.327,0.186,0.347,0.513,0.361,0.352,0.313,37,113,90.3,8.4,2699,76.8,76.11,48,217,292,-0.7000000000000028,5.93,111,155,113,148,295,320,296
507,669952,"White, Mitch",2477,20.5,0.267,0.158,0.308,0.426,0.319,0.307,0.278,27,101,88.9,7.7,2387,81,80.44,43,199,308,-0.5999999999999943,6.11,113,158,118,151,292,318,299
497,571948,"Milner, Hoby",1481,33.6,0.2,0.141,0.275,0.341,0.294,0.295,0.215,17,85,85.7,10.3,1881,79.4,79.49,59,176,321,0.09999999999999432,6.5,110,152,120,145,296,319,297
496,672282,"Detmers, Reid",2560,19.4,0.189,0.162,0.229,0.351,0.296,0.3,0.211,14,74,83.9,11.9,2464,73.2,71.65,50,163,333,-1.6000000000000085,5.44,109,152,114,148,298,323,292
491,664353,"Urquidy, José",4271,11.5,0.294,0.157,0.384,0.451,0.347,0.31,0.258,30,102,91.1,8.5,2614,77.9,76.96,47,202,289,-0.9000000000000057,5.88,116,159,117,151,292,323,294
490,434378,"Verlander, Justin",2607,18.8,0.158,0.109,0.217,0.267,0.188,0.2,0.182,16,101,86.2,8.5,2643,79,78.48,52,217,273,-0.5,6.04,113,155,115,150,292,323,294
489,543294,"Hendricks, Kyle",4156,11.8,0.26,0.26,0.261,0.521,0.34,0.359,0.306,25,96,88.7,8.4,2890,73,70.94,39,161,328,-2.0999999999999943,5.61,112,156,113,152,295,320,296
488,571760,"Heaney, Andrew",3560,13.7,0.196,0.176,0.267,0.373,0.272,0.303,0.234,20,102,86.7,17.2,2575,79.4,78.64,75,216,272,-0.8000000000000114,5.84,113,156,118,147,302,325,294
486,677651,"Garcia, Luis",4970,9.8,0.186,0.174,0.245,0.36,0.255,0.242,0.192,16,86,81.7,9.5,2426,76.5,76.16,58,163,323,-0.29999999999999716,6.14,119,159,110,153,289,322,296
477,453286,"Scherzer, Max",4988,9.6,0.25,0.095,0.351,0.345,0.276,0.278,0.239,21,84,85.5,15.5,2704,76.1,75.84,46,157,320,-0.29999999999999716,6.26,116,160,116,149,295,324,299
477,642547,"Peralta, Freddy",3709,12.9,0.135,0.056,0.182,0.191,0.185,0.212,0.16,12,89,82.5,21.9,2142,76.3,76.75,72,221,256,0.4000000000000057,7.18,112,155,120,147,297,321,298
468,670280,"Bednar, David",1776,26.4,0.16,0.123,0.268,0.284,0.241,0.264,0.199,13,81,87.2,17.9,2446,77.3,76.97,69,163,305,-0.29999999999999716,6.18,109,152,117,148,304,322,296
468,592717,"Sanchez, Aaron",1601,29.2,0.265,0.142,0.342,0.407,0.307,0.289,0.249,30,113,87.6,11.4,2575,77.2,77.37,64,218,250,0.20000000000000284,6.67,111,155,117,148,298,323,293
468,656685,"Martin, Brett",1668,28.1,0.294,0.168,0.388,0.462,0.346,0.31,0.26,35,119,91.2,12.5,2215,82.6,82.76,79,227,241,0.20000000000000284,6.35,112,154,119,147,298,322,294
464,668676,"Plesac, Zach",4358,10.6,0.181,0.128,0.203,0.309,0.214,0.2,0.168,17,94,86.7,13.5,2027,79.8,79.6,49,175,289,-0.20000000000000284,6.05,115,158,118,151,292,318,296
452,598287,"Ramirez, Noé",1416,31.9,0.242,0.264,0.213,0.505,0.324,0.288,0.238,22,91,85.5,19.1,2541,77.5,76.9,39,179,273,-0.5999999999999943,6.06,110,152,116,148,299,323,296
452,608328,"De Jong, Chase",1949,23.2,0.244,0.1,0.313,0.344,0.288,0.281,0.226,22,90,84.8,8.6,2589,77.7,76.76,41,161,291,-0.9000000000000057,5.72,112,153,118,149,298,323,298
448,573009,"Mantiply, Joe",1482,30.2,0.238,0.152,0.373,0.39,0.283,0.24,0.203,25,105,86.8,16.2,2343,81,81.11,95,229,219,0.09999999999999432,6.37,110,150,117,147,295,319,297
448,669674,"Long, Sam",1471,30.5,0.216,0.159,0.281,0.375,0.266,0.266,0.225,19,88,90.1,13.5,2486,75.8,75.09,40,162,286,-0.7000000000000028,5.87,111,152,114,148,297,320,295
444,650893,"Cabrera, Génesis",1931,23,0.205,0.096,0.291,0.301,0.254,0.265,0.214,17,83,88.8,8.6,2419,80.1,79.69,40,142,302,-0.3999999999999915,6.01,113,153,116,148,296,319,298
443,621076,"Kaprielian, James",4254,10.4,0.188,0.2,0.176,0.388,0.259,0.319,0.247,16,85,84.5,18,2477,78.8,78.46,26,165,278,-0.29999999999999716,6,114,153,112,151,295,322,299
441,502043,"Gibson, Kyle",5620,7.8,0.301,0.325,0.3,0.627,0.393,0.356,0.297,25,83,88.7,18.8,2448,79.2,79.63,55,187,254,0.3999999999999915,6.57,114,154,118,147,294,326,296
439,605164,"Bundy, Dylan",3704,11.9,0.226,0.113,0.26,0.339,0.238,0.275,0.244,14,62,83,13.8,2286,73,72.09,17,104,335,-0.9000000000000057,5.68,113,159,113,150,301,329,297
436,664948,"Misiewicz, Anthony",1359,32.1,0.24,0.17,0.29,0.41,0.296,0.278,0.219,24,100,87,8.6,2859,80.1,79.36,57,198,238,-0.6999999999999886,5.83,113,154,119,148,290,319,295
427,621249,"Underwood Jr., Duane",2181,19.6,0.265,0.098,0.356,0.363,0.293,0.327,0.279,27,102,91.3,7.1,2393,81.3,81.36,51,179,248,0.10000000000000853,6.39,107,150,116,147,303,322,293
426,519151,"Pressly, Ryan",1667,25.6,0.172,0.101,0.283,0.273,0.207,0.206,0.169,17,99,86.9,5.7,3246,81.6,80.48,79,205,221,-1.0999999999999943,5.95,115,156,114,151,291,324,295
426,573204,"Thielbar, Caleb",2102,20.3,0.282,0.182,0.429,0.464,0.327,0.249,0.211,31,110,81.7,3.4,2425,72.5,72.12,72,188,238,-0.4000000000000057,6.3,105,151,116,147,298,329,292
421,547943,"Ryu, Hyun Jin",3084,13.7,0.238,0.143,0.321,0.381,0.282,0.269,0.211,20,84,86.9,13.6,2515,73.5,73.18,53,170,251,-0.29999999999999716,6.33,107,154,118,148,299,317,291
418,667297,"Nance, Tommy",1207,34.6,0.25,0.193,0.413,0.443,0.307,0.276,0.234,22,88,87.6,9.5,2867,85.3,84.67,68,160,258,-0.5999999999999943,6.09,109,150,115,149,294,317,296
414,621107,"Eflin, Zach",2809,14.7,0.2,0.133,0.333,0.333,0.248,0.247,0.205,21,105,85.4,11.9,2327,78,78.38,79,196,218,0.4000000000000057,6.57,111,151,123,143,296,325,294
411,661269,"Gutierrez, Vladimir",2515,16.3,0.289,0.263,0.339,0.553,0.402,0.346,0.254,22,76,88.5,10.2,2567,77.8,77.75,27,139,272,-0.09999999999999432,6.43,118,155,115,149,289,318,296
404,592836,"Walker, Taijuan",5047,8,0.193,0.053,0.234,0.246,0.231,0.275,0.231,11,57,85.7,8.6,2286,75.6,74.67,33,123,281,-0.8999999999999915,5.75,118,160,112,152,298,329,303
401,607644,"Means, John",2463,16.3,0.16,0.074,0.216,0.235,0.175,0.207,0.196,13,81,85.6,7.9,2275,78,77.28,37,146,255,-0.7000000000000028,5.96,108,154,121,148,301,325,290
396,665152,"Kremer, Dean",2933,13.5,0.295,0.284,0.339,0.58,0.373,0.323,0.267,26,88,87.3,16.3,2575,76.1,75.46,48,155,241,-0.5999999999999943,6.17,109,155,115,150,301,322,296
395,641154,"López, Pablo",4579,8.6,0.102,0,0.167,0.102,0.108,0.198,0.175,6,59,86.2,8.6,2492,80.6,81.2,42,110,285,0.6000000000000085,6.79,113,154,118,151,295,316,291
395,643290,"Dunn, Justin",1410,28,0.234,0.117,0.291,0.351,0.286,0.279,0.211,18,77,84.8,17.9,2464,80.1,79.31,47,166,229,-0.7999999999999972,6.36,111,152,112,148,293,323,298
393,621112,"Blackburn, Paul",2443,16.1,0.192,0.172,0.273,0.364,0.253,0.264,0.216,19,99,88.9,6.4,2599,78.9,78.29,63,184,209,-0.6000000000000085,6.19,116,154,121,149,295,319,297
375,642528,"Loáisiga, Jonathan",1846,20.3,0.132,0.044,0.195,0.176,0.165,0.179,0.15,9,68,80.4,17.4,2637,86.8,87.16,71,152,223,0.4000000000000057,6.56,107,153,119,147,301,326,288
375,663776,"Sandoval, Patrick",3900,9.6,0.4,0.2,0.379,0.6,0.435,0.309,0.302,12,30,86.2,11.8,2788,78.5,77.79,20,71,304,-0.7000000000000028,6.03,109,154,114,149,300,324,292
373,669169,"Heasley, Jonathan",2046,18.2,0.24,0.16,0.276,0.4,0.301,0.368,0.295,18,75,92.8,8.7,2617,78.8,78.08,36,146,227,-0.7000000000000028,5.98,107,157,117,149,298,325,304
365,657053,"Toussaint, Touki",1251,29.2,0.159,0.127,0.25,0.286,0.252,0.258,0.173,10,63,80,18.4,2372,76,76.56,51,118,247,0.5999999999999943,6.94,110,154,126,147,299,323,294
365,669060,"Wilson, Bryse",2961,12.3,0.25,0.338,0.214,0.588,0.361,0.311,0.233,20,80,85,15.4,2313,77.1,77.35,35,157,208,0.30000000000001137,6.56,109,152,117,148,301,322,296
358,670950,"Richards, Trevor",2224,16.1,0.281,0.105,0.313,0.386,0.304,0.361,0.294,16,57,87.4,11.6,2089,84.8,84.85,42,125,233,0.10000000000000853,6.37,106,155,120,147,301,321,292
349,528748,"Castellanos, Humberto",1474,23.7,0.218,0.172,0.27,0.391,0.282,0.243,0.191,19,87,83.5,13.6,2377,76.3,75.65,40,160,189,-0.7000000000000028,6.01,110,151,119,148,300,325,296
346,554340,"Garcia, Yimi",1982,17.5,0.328,0.19,0.362,0.517,0.367,0.329,0.291,19,58,86.2,16.2,2712,83,82.07,25,116,230,-0.9000000000000057,5.71,112,155,116,149,294,318,293
343,623474,"Herget, Jimmy",1295,26.5,0.135,0.125,0.25,0.26,0.188,0.154,0.115,14,104,82.8,23.6,2719,74.5,72.69,70,177,166,-1.7999999999999972,5.11,113,153,117,152,297,322,293
337,665795,"Cabrera, Edward",1697,19.9,0.182,0.117,0.261,0.299,0.236,0.265,0.198,14,77,86.3,13.3,2419,83.7,83.44,51,157,180,-0.29999999999999716,6.4,113,153,120,151,296,318,293
335,622065,"Young, Alex",1357,24.7,0.241,0.06,0.377,0.301,0.258,0.223,0.196,20,83,83.9,12.7,2314,82.4,81.45,71,171,164,-0.9000000000000057,5.71,111,151,118,149,297,324,300
332,456713,"Bush, Matt",978,33.9,0.167,0.122,0.211,0.289,0.214,0.199,0.163,15,90,85.6,14.7,2486,80.9,80.7,55,159,173,-0.20000000000000284,6.24,114,153,120,148,298,321,297
327,663423,"Thornton, Trent",1574,20.8,0.263,0.197,0.333,0.461,0.329,0.307,0.263,20,76,91.2,7.2,3040,80.1,79.52,32,119,208,-0.5999999999999943,6.01,112,159,121,150,289,316,292
327,476595,"Luetge, Lucas",2212,14.8,0.08,0,0.286,0.08,0.079,0.084,0.077,6,75,80,14.3,2561,74.1,73.48,60,115,212,-0.5999999999999943,6.22,110,153,121,146,298,324,286
326,641712,"Hudson, Dakota",2384,13.7,0.216,0.078,0.303,0.294,0.264,0.283,0.231,11,51,84.2,4.5,2412,80.5,80.25,36,106,220,-0.20000000000000284,6.08,115,155,113,149,299,322,303
326,664062,"Gonsolin, Tony",3005,10.8,0.147,0.059,0.192,0.206,0.167,0.266,0.24,5,34,91.4,0.6,2581,80.6,80.15,20,80,246,-0.5,5.97,114,159,112,152,292,316,297
321,661395,"Duran, Jhoan",1023,31.4,0.12,0.096,0.243,0.217,0.169,0.166,0.127,10,83,83.4,1.9,2660,87.8,87.83,79,159,162,0,6.13,111,153,116,149,296,329,291
312,657093,"Watkins, Spenser",2602,12,0.381,0.286,0.426,0.667,0.458,0.392,0.316,24,63,86.7,10.8,2449,77.9,77.42,33,127,185,-0.5,6.32,112,158,114,151,295,323,296
312,518774,"Harvey, Matt",2232,14,0.304,0.286,0.341,0.589,0.387,0.312,0.26,17,56,85.1,19,2489,79.9,78.98,41,126,186,-0.9000000000000057,5.88,113,156,116,149,296,323,297
310,605200,"Davies, Zach",4869,6.4,0.333,0.091,0.368,0.424,0.333,0.305,0.29,22,66,84.7,4.7,2512,74.4,73.83,22,115,195,-0.6000000000000085,5.96,113,155,116,149,299,323,297
299,660271,"Ohtani, Shohei",4656,6.4,0.25,0.212,0.393,0.462,0.317,0.241,0.197,13,52,87.9,22,2456,77,77.11,35,93,206,0.09999999999999432,6.67,116,155,112,155,296,323,296
299,665621,"García, Rony",941,31.8,0.146,0.208,0.167,0.354,0.244,0.32,0.209,7,48,92.3,20.8,2336,80.4,80.14,40,111,188,-0.30000000000001137,6.16,112,157,118,149,303,329,295
298,607560,"Harper, Ryne",567,52.6,0.232,0.196,0.238,0.429,0.33,0.312,0.237,13,56,81,19.1,2177,72,72.05,31,134,164,0.09999999999999432,6.35,111,157,122,145,300,319,293
298,572070,"Richards, Garrett",3039,9.8,0.204,0.245,0.207,0.449,0.304,0.302,0.217,10,49,86.9,16.9,3129,78.3,76.88,33,100,198,-1.3999999999999915,5.9,113,157,117,150,293,328,300
296,663978,"Paddack, Chris",2236,13.2,0.237,0.034,0.368,0.271,0.237,0.237,0.219,14,59,87.2,1.8,2178,78.1,77.86,33,99,197,-0.19999999999998863,6.56,115,156,133,146,300,326,307
294,669467,"Pallante, Andre",1753,16.8,0.302,0.238,0.385,0.54,0.38,0.271,0.216,19,63,90.5,1.9,2836,76.5,76.33,38,123,171,-0.20000000000000284,6.57,114,153,113,150,298,322,301
293,669145,"Zimmermann, Bruce",2235,13.1,0.159,0.087,0.238,0.246,0.209,0.263,0.214,11,69,90,5.8,2493,81.4,81.16,41,133,160,-0.20000000000000284,6.11,108,153,118,148,306,323,294
290,664918,"Keller, Kyle",654,44.3,0.22,0.34,0.233,0.56,0.365,0.326,0.215,11,50,88.5,26.4,2515,81.4,81.64,43,124,166,0.19999999999998863,6.37,109,153,122,148,302,321,294
289,623485,"Goudeau, Ashton",939,30.8,0.228,0.175,0.275,0.404,0.274,0.268,0.226,13,57,85.6,8.2,2314,77,76.77,27,110,179,-0.20000000000000284,6.21,110,149,121,146,299,327,300
285,661383,"Ortega, Oliver",706,40.4,0.277,0.213,0.37,0.489,0.369,0.298,0.207,13,47,88.2,7.4,2280,82.4,81.39,47,120,165,-1,5.8,110,151,115,149,297,323,293
281,592314,"Foltynewicz, Mike",2236,12.6,0.25,0.159,0.281,0.409,0.3,0.273,0.221,11,44,78.9,10.3,2316,76.7,76.37,21,95,186,-0.29999999999999716,6.01,116,157,123,147,302,328,295
279,672851,"Adon, Joan",1298,21.5,0.328,0.131,0.388,0.459,0.356,0.299,0.257,20,61,83,1.6,2263,79.7,78.83,21,115,164,-0.9000000000000057,6.15,113,152,122,143,297,319,293
278,669923,"Kirby, George",2092,13.3,0.305,0.186,0.314,0.492,0.358,0.375,0.319,18,59,87.9,2.2,2177,80.8,81.14,16,117,161,0.29999999999999716,6.66,109,152,113,147,292,322,298
276,592866,"Williams, Trevor",2944,9.4,0.348,0.37,0.333,0.717,0.453,0.359,0.286,16,46,86.3,13.2,2247,78.2,78.99,34,109,167,0.7999999999999972,6.75,113,157,115,150,300,326,299
273,607259,"Martinez, Nick",1720,15.9,0.208,0.083,0.281,0.292,0.236,0.255,0.227,10,48,89.3,-4,2605,81.7,80.74,27,88,185,-1,5.9,114,162,118,151,295,321,301
273,622250,"Sborz, Josh",1498,18.2,0.333,0.167,0.542,0.5,0.37,0.266,0.235,14,42,91.6,5.8,2091,84,83.2,35,95,178,-0.7999999999999972,5.87,114,155,122,147,299,326,297
272,623451,"Stephens, Jackson",944,28.8,0.182,0.036,0.238,0.218,0.201,0.215,0.189,10,55,82.6,8.9,2974,76.8,75.56,28,110,162,-1.2000000000000028,5.65,113,152,122,148,305,323,298
270,641501,"Danish, Tyler",664,40.7,0.175,0.127,0.22,0.302,0.233,0.259,0.202,11,63,85,13.2,2411,80.9,79.32,27,102,168,-1.6000000000000085,5.22,109,155,119,151,290,326,295
270,605218,"Edwards Jr., Carl",1125,24,0.245,0.327,0.25,0.571,0.361,0.275,0.194,12,49,85.7,9.8,2147,80.1,80.16,36,101,169,0.10000000000000853,6.7,111,154,121,146,303,317,298
269,453562,"Arrieta, Jake",1746,15.4,0.189,0.208,0.25,0.396,0.256,0.265,0.199,10,53,88,2.9,2690,80.4,79.33,40,113,156,-1.1000000000000085,5.76,112,154,116,150,297,323,298
269,608379,"Wacha, Michael",3923,6.9,0.5,0.333,0.571,0.833,0.578,0.308,0.235,9,18,88.6,14,2181,75.4,75.49,20,61,208,0.09999999999999432,6.56,112,161,110,151,298,329,296
268,640444,"Crowe, Wil",3551,7.5,0.308,0.192,0.366,0.5,0.36,0.362,0.308,16,52,93.6,10.2,2444,80.6,80.71,23,105,163,0.10000000000000853,6.45,110,153,116,149,299,321,293
264,666159,"Manning, Matt",2411,10.9,0.232,0.145,0.246,0.377,0.257,0.306,0.278,16,69,89.3,6.2,2290,79,79.6,17,128,136,0.5999999999999943,6.72,111,159,115,149,295,327,298
261,527048,"Perez, Martin",4839,5.4,0.457,0.371,0.483,0.829,0.527,0.388,0.301,16,35,87.4,14.9,2481,78.7,78.11,19,79,182,-0.6000000000000085,5.76,110,154,116,148,297,325,293
260,676879,"Ashby, Aaron",2410,10.8,0.229,0.2,0.292,0.429,0.32,0.3,0.218,8,35,87.6,-7.6,2589,79.6,78.37,26,78,182,-1.1999999999999886,5.58,108,151,117,146,297,319,296
258,641927,"Ober, Bailey",2330,11.1,0.212,0.231,0.235,0.442,0.298,0.31,0.237,11,52,87.3,7.4,2278,75.7,76.74,28,102,156,1,7.16,110,160,115,150,298,329,295
258,680694,"Bradish, Kyle",1993,12.9,0.233,0.067,0.298,0.3,0.253,0.254,0.229,14,60,87.9,-1.9,2517,83.2,83.1,25,107,151,-0.10000000000000853,6.4,110,156,114,149,300,322,296
254,666129,"Garrett, Braxton",2040,12.5,0.41,0.256,0.455,0.667,0.473,0.35,0.308,16,39,87.5,6.9,2243,77.9,77.63,26,103,151,-0.30000000000001137,6.22,104,151,114,148,299,316,286
253,621074,"Rucker, Michael",1404,18,0.211,0,0.273,0.211,0.194,0.256,0.248,12,57,87,8.2,2547,80.8,79.38,22,95,158,-1.3999999999999915,6.08,110,153,118,153,298,322,296
251,458681,"Lynn, Lance",4630,5.4,0.236,0.083,0.39,0.319,0.266,0.245,0.223,17,72,85.5,6.6,2489,82.1,82.07,32,110,141,0,6.29,112,154,115,150,297,325,294
248,669330,"Wells, Tyler",2543,9.8,0.238,0.095,0.294,0.333,0.266,0.206,0.175,10,42,83.4,20.3,2636,77.9,77.74,17,76,172,-0.20000000000000284,6.26,109,156,116,149,304,322,295
244,656629,"Kopech, Michael",3165,7.7,0.17,0.043,0.211,0.213,0.198,0.242,0.194,8,47,83.8,20.1,2413,78.4,78.14,26,102,142,-0.30000000000001137,6.41,112,152,108,150,297,325,298
244,592351,"Gray, Jon",4599,5.3,0.182,0.182,0.16,0.364,0.258,0.315,0.249,6,33,81,10.1,2589,76.6,76.58,20,72,172,0,6.35,118,154,116,150,297,327,302
243,663465,"Allard, Kolby",2353,10.3,0.273,0.255,0.306,0.527,0.335,0.291,0.246,15,55,88.5,15.8,1894,75.8,75.04,17,93,150,-0.7999999999999972,5.85,116,160,125,148,300,326,296
242,506433,"Darvish, Yu",5740,4.2,0.182,0,0.207,0.182,0.187,0.213,0.194,6,33,78,4.2,2629,72.2,71.98,24,86,156,-0.20000000000000284,6.53,117,161,129,146,296,320,308
239,622608,"Senzatela, Antonio",3926,6.1,0.2,0.031,0.271,0.231,0.209,0.265,0.237,13,65,88.3,17.4,2178,78,77.73,34,115,124,-0.29999999999999716,5.88,115,153,120,149,302,332,305
236,664192,"Lucchesi, Joey",646,36.5,0.204,0.02,0.333,0.224,0.203,0.206,0.18,10,49,88.2,17.8,2081,78.7,78.99,35,105,131,0.29999999999999716,6.29,113,152,113,150,301,326,299
234,670912,"Oviedo, Johan",2066,11.3,0.143,0,0.208,0.143,0.209,0.247,0.179,5,35,84.7,16.8,2441,77.5,78.47,21,78,156,1,6.96,114,153,111,149,298,321,299
234,663559,"Falter, Bailey",1847,12.7,0.281,0.375,0.316,0.656,0.404,0.318,0.245,9,32,89,15.5,2112,76.5,77.9,28,81,153,1.4000000000000057,7.26,108,152,118,146,305,324,283
233,458708,"Tomlin, Josh",808,28.8,0.413,0.261,0.515,0.674,0.455,0.378,0.348,19,46,90.7,16,2687,76.4,75.8,46,124,109,-0.6000000000000085,5.71,109,152,127,147,301,320,292
233,672710,"Contreras, Roansy",1634,14.3,0.206,0.118,0.222,0.324,0.254,0.292,0.231,7,34,86.6,12.5,2730,78.9,78.59,15,75,158,-0.30000000000001137,6.22,111,153,114,150,302,323,302
232,676710,"Crawford, Kutter",1353,17.1,0.269,0.192,0.293,0.462,0.321,0.283,0.25,14,52,89.7,9.3,2274,79.6,78.91,18,98,134,-0.6999999999999886,6.08,114,159,116,150,291,326,294
231,608371,"Sims, Lucas",944,24.5,0.27,0.108,0.45,0.378,0.329,0.294,0.224,10,37,88.4,17.6,3070,82.1,80.86,33,89,142,-1.1999999999999886,5.4,118,155,113,148,291,319,291
228,621219,"Mills, Alec",2238,10.2,0.425,0.2,0.457,0.625,0.461,0.381,0.317,17,40,81.8,17.4,2317,65.8,65.08,15,88,140,-0.7000000000000028,5.86,110,156,114,151,297,324,300
227,669022,"Gore, MacKenzie",1258,18,0.25,0.15,0.333,0.4,0.341,0.367,0.251,10,40,86.9,14.9,2293,80.8,81.57,29,91,136,0.7999999999999972,6.76,109,156,119,149,298,317,293
225,650556,"Abreu, Bryan",1708,13.2,0.211,0.026,0.348,0.237,0.238,0.226,0.18,8,38,88.1,5.3,2861,85.6,85.07,32,84,141,-0.5,6.15,115,156,117,151,290,321,294
224,615698,"Quantrill, Cal",5277,4.2,0.204,0.102,0.257,0.306,0.229,0.278,0.23,10,49,87.9,21,2407,82.1,80.92,20,93,131,-1.1999999999999886,6.3,116,156,117,151,291,314,291
220,592789,"Syndergaard, Noah",2052,10.7,0.255,0.149,0.367,0.404,0.282,0.207,0.2,12,47,77.8,17.7,2131,76.4,76.93,34,91,129,0.5,6.65,113,151,112,151,295,323,292
215,519293,"Smith, Will",2064,10.4,0.391,0.478,0.35,0.87,0.528,0.472,0.381,9,23,93.6,15,1996,77.4,76.81,17,64,151,-0.6000000000000085,6.01,106,151,117,144,309,325,293
214,608718,"Suter, Brent",2291,9.3,0.154,0.282,0.136,0.436,0.291,0.285,0.175,6,39,84.2,8.8,2296,78.7,78.72,20,79,135,0,6.87,112,154,120,148,297,321,298
211,621363,"Poche, Colin",974,21.7,0.191,0.234,0.222,0.426,0.279,0.263,0.211,9,47,82.6,33.6,2562,78.8,79.21,30,89,122,0.4000000000000057,7.1,106,156,113,149,299,324,295
209,607074,"Rodón, Carlos",5204,4,0.107,0.143,0.111,0.25,0.167,0.237,0.196,3,28,86.6,8.8,2418,79.2,78.97,13,57,152,-0.20000000000000284,6.14,111,154,115,149,299,321,290
208,608716,"Steckenrider, Drew",1294,16.1,0.261,0.13,0.344,0.391,0.304,0.283,0.23,12,46,91.1,5.1,2151,80.5,80.12,15,76,132,-0.4000000000000057,5.91,108,153,116,146,302,324,292
207,521230,"Hendriks, Liam",2079,10,0.136,0.136,0.286,0.273,0.173,0.127,0.111,6,44,88.6,13.4,2202,85.8,86.7,51,83,124,0.9000000000000057,6.82,116,152,116,150,297,321,299
206,657006,"Steele, Justin",2996,6.9,0.171,0.143,0.278,0.314,0.218,0.216,0.172,6,35,92.1,10.9,2578,78.8,78.73,21,63,143,-0.09999999999999432,6.26,105,151,115,148,302,321,296
205,656970,"Smeltzer, Devin",1181,17.4,0.406,0.188,0.419,0.594,0.439,0.366,0.335,13,32,85,12.5,2555,75.2,74.34,16,75,130,-0.9000000000000057,5.77,104,151,115,146,298,331,293
204,663765,"Woodford, Jake",1853,11,0.206,0.147,0.214,0.353,0.309,0.393,0.295,7,34,92.3,8.7,2500,76,75.54,9,57,147,-0.5,6.32,118,156,117,150,296,319,298
204,641907,"Murphy, Patrick",628,32.5,0.306,0.041,0.469,0.347,0.324,0.285,0.226,15,49,87.3,7.1,2184,82.9,82.9,28,80,124,0,6.43,111,151,119,143,296,319,292
203,667498,"Dugger, Robert",745,27.2,0.263,0.158,0.276,0.421,0.331,0.285,0.219,10,38,85.8,31.6,2243,74.2,73.77,30,93,110,-0.4000000000000057,5.99,110,154,118,148,290,323,298
202,607192,"Glasnow, Tyler",1453,13.9,0.076,0.033,0.259,0.109,0.078,0.083,0.077,7,92,86.9,1.9,2973,83.5,84.28,64,110,92,0.7999999999999972,7.17,109,164,127,150,299,321,295
202,657746,"Ryan, Joe",2803,7.2,0.229,0.086,0.308,0.314,0.272,0.242,0.205,8,35,80.9,24.6,2373,74.5,74.11,16,69,133,-0.4000000000000057,6.03,116,164,115,152,296,329,294
201,452657,"Lester, Jon",2380,8.4,0.231,0.231,0.25,0.462,0.289,0.245,0.206,9,39,81.7,11.9,2437,72.6,72.44,30,85,116,-0.19999999999998863,6.21,111,153,117,148,303,322,295
198,624133,"Suárez, Ranger",4178,4.7,0.25,0.229,0.4,0.479,0.303,0.219,0.177,12,48,90.3,10.1,2229,76.5,76.25,35,93,105,-0.20000000000000284,6.17,110,151,118,147,303,326,287
197,448855,"Guerra, Junior",1225,16.1,0.185,0.037,0.238,0.222,0.27,0.294,0.196,5,27,84,4.4,2556,80.8,80.98,16,49,148,0.20000000000000284,6.36,116,158,119,150,303,325,298
196,592761,"Smith, Caleb",3301,5.9,0.195,0.244,0.208,0.439,0.303,0.309,0.213,8,41,88.3,22,2562,78.1,77.06,19,76,120,-1,5.5,111,153,119,149,301,323,296
192,657571,"Ferguson, Caleb",580,33.1,0.209,0.047,0.273,0.256,0.254,0.263,0.201,9,43,85.4,5.4,3084,78.3,77.6,14,70,122,-0.7000000000000028,6.06,110,154,119,147,298,314,290
186,666205,"Muller, Kyle",910,20.4,0.207,0.034,0.4,0.241,0.244,0.31,0.233,6,29,91.7,4.3,2427,80.6,79.86,33,72,114,-0.6999999999999886,6.15,106,151,120,145,308,322,290
185,544365,"Bañuelos, Manny",718,25.8,0.146,0,0.24,0.146,0.164,0.192,0.168,6,41,81.5,23.9,2465,81.7,81.64,32,86,99,-0.10000000000000853,6.28,108,149,114,148,295,319,291
184,669160,"May, Dustin",842,21.9,0.063,0,0.15,0.063,0.094,0.15,0.112,3,48,78.7,6.3,3226,86,85.95,34,73,111,0,6.5,115,160,125,149,296,315,290
183,594987,"Sadler, Casey",581,31.5,0.067,0.067,0.065,0.133,0.142,0.25,0.186,3,45,86,2.3,2819,79.6,78.91,25,80,103,-0.6999999999999886,5.94,109,152,115,146,288,324,295
181,643410,"Leiter Jr., Mark",1086,16.7,0.296,0.111,0.269,0.407,0.32,0.273,0.261,8,27,80.8,11.6,2264,73.2,73.02,13,56,125,-0.20000000000000284,6.5,109,152,113,154,299,321,296
180,668868,"Thompson, Zack",575,31.3,0.108,0.108,0.107,0.216,0.166,0.282,0.245,4,37,81.3,3,2811,75,74.85,12,71,109,-0.09999999999999432,6.52,114,154,119,151,296,320,299
180,622088,"Antone, Tejay",529,34,0.077,0.026,0.15,0.103,0.092,0.188,0.153,3,39,82.8,-1.8,2998,79.3,79.01,28,68,112,-0.29999999999999716,6.42,110,156,113,149,295,321,296
180,643493,"Pruitt, Austin",919,19.6,0.231,0.192,0.244,0.423,0.288,0.323,0.263,12,52,91.6,14.8,2889,80.9,79.82,21,93,87,-1.1000000000000085,5.53,115,153,120,151,299,320,294
174,676969,"de Geus, Brett",911,19.1,0.27,0.108,0.391,0.378,0.339,0.381,0.295,10,37,92.3,14.7,2349,82.3,81.41,14,59,115,-0.8999999999999915,5.76,111,153,122,147,298,327,296
174,608337,"Giolito, Lucas",5723,3,0.214,0.357,0.214,0.571,0.341,0.331,0.244,6,28,92.8,14.5,2365,79.9,80.09,17,53,121,0.19999999999998863,6.51,115,154,111,151,298,322,298
174,643377,"Jax, Griffin",2551,6.8,0.214,0.179,0.192,0.393,0.288,0.393,0.323,6,28,91.9,8.7,2719,80.6,80.05,6,57,117,-0.5,5.86,108,161,119,151,300,331,295
172,663372,"Feltner, Ryan",1817,9.5,0.237,0.158,0.333,0.395,0.276,0.292,0.253,9,38,90.1,11.1,2536,77.7,77.95,16,67,105,0.29999999999999716,6.39,115,151,123,149,302,329,302
170,683232,"Mears, Nick",483,35.2,0.289,0.184,0.36,0.474,0.323,0.264,0.238,11,38,82,14.7,2292,79.1,79.65,13,58,112,0.5,6.7,111,153,122,148,300,322,293
170,596112,"Stephenson, Robert",1681,10.1,0.132,0,0.217,0.132,0.183,0.235,0.161,5,38,85,24.1,3068,80.8,80.43,26,74,96,-0.3999999999999915,6.01,112,152,120,147,300,329,302
165,543056,"Coulombe, Danny",759,21.7,0.212,0.061,0.35,0.273,0.208,0.145,0.142,7,33,89.1,-2.8,2512,78.6,77.18,15,52,113,-1.3999999999999915,5.59,105,154,114,147,298,328,293
165,543606,"Odorizzi, Jake",3645,4.5,0.214,0.179,0.208,0.393,0.271,0.262,0.246,6,28,82.9,27.4,2126,72.8,72.39,9,50,115,-0.3999999999999915,5.97,116,157,114,150,291,319,295
164,649144,"Wells, Alex",820,20,0.343,0.429,0.28,0.771,0.489,0.409,0.307,12,35,87.1,20.3,2486,72.6,71.17,7,64,100,-1.3999999999999915,5.42,109,154,119,148,299,324,289
164,596071,"Peters, Dillon",1077,15.2,0.2,0.1,0.238,0.3,0.214,0.177,0.166,6,30,87.9,10,2865,76.2,75.83,12,57,107,-0.4000000000000057,6.16,107,153,118,148,304,321,298
163,656794,"Newcomb, Sean",1225,13.3,0.19,0,0.364,0.19,0.242,0.187,0.096,4,21,84,-4.7,2857,79.6,74.43,15,44,119,-5.199999999999989,5.7,108,150,122,146,303,321,289
161,656657,"Logue, Zach",1022,15.8,0.268,0.341,0.286,0.61,0.385,0.312,0.227,11,41,84.3,26.6,2425,77.5,76.32,15,74,87,-1.2000000000000028,5.41,112,152,120,150,299,320,294
159,650959,"Diplán, Marcos",634,25.1,0.152,0.152,0.154,0.303,0.218,0.233,0.183,5,33,85.8,10.7,2740,81,81.69,12,60,99,0.7000000000000028,6.85,111,156,121,148,294,324,295
159,543766,"Shaw, Bryan",2336,6.8,0.26,0.34,0.417,0.6,0.378,0.297,0.204,13,50,89.9,4.9,2202,82.6,81.51,28,74,85,-1.0999999999999943,5.72,114,157,124,152,290,317,295
158,547942,"Kim, Kwang Hyun",1784,8.9,0.192,0.077,0.263,0.269,0.215,0.294,0.267,5,26,83.8,16.2,2142,69.6,69.85,18,50,108,0.30000000000001137,6.47,111,154,119,147,300,317,292
157,642152,"Trivino, Lou",2132,7.4,0.111,0.111,0.182,0.222,0.197,0.241,0.152,3,27,81.3,21.6,2354,77.7,77.11,19,46,111,-0.6000000000000085,6.45,108,148,120,148,300,325,298
156,592169,"Brice, Austin",380,41.1,0.115,0.038,0.136,0.154,0.211,0.283,0.204,3,26,85.7,10.5,2712,81.7,80.5,14,60,96,-1.2000000000000028,5.39,112,154,120,147,292,318,296
156,664337,"Yajure, Miguel",710,22,0.111,0.056,0.182,0.167,0.176,0.24,0.179,4,36,87.4,7.2,2661,81.1,80.38,18,52,104,-0.6999999999999886,6.07,106,151,118,148,300,323,296
154,675921,"Howard, Spencer",1628,9.5,0.038,0,0.067,0.038,0.102,0.191,0.138,1,26,78.2,3.9,1926,74.8,74.53,9,41,113,-0.29999999999999716,6.42,116,156,115,149,301,324,298
154,664854,"Helsley, Ryan",1767,8.7,0.043,0,0.083,0.043,0.038,0.099,0.099,1,23,83.2,35.5,2521,80.1,80.51,19,47,107,0.4000000000000057,6.54,119,159,117,150,298,320,299
151,669461,"Liberatore, Matthew",650,23.2,0.222,0.296,0.25,0.519,0.35,0.259,0.201,6,27,92.3,15,2737,74.3,73.76,19,54,97,-0.5,6.29,107,151,116,147,304,323,297
150,605280,"Holmes, Clay",2105,7.1,0.292,0.167,0.375,0.458,0.362,0.373,0.276,7,24,92.9,1.9,2663,82.7,82.11,14,45,105,-0.6000000000000085,6.02,109,150,117,148,296,321,291
149,676596,"Fleming, Josh",2291,6.5,0.419,0.29,0.478,0.71,0.495,0.401,0.326,13,31,87.4,8.4,1819,79,79.12,18,64,85,0.09999999999999432,6.5,108,153,113,151,295,320,298
148,621381,"Strahm, Matt",900,16.4,0.15,0.175,0.16,0.325,0.247,0.282,0.194,6,40,89.2,22.1,2665,82.7,82.68,16,80,68,0,6.15,109,154,118,149,292,326,296
148,471911,"Carrasco, Carlos",3301,4.5,0.167,0.056,0.25,0.222,0.264,0.265,0.162,3,18,88,15.2,2676,81.4,81.43,17,43,105,0,6.27,116,160,114,151,299,329,302
147,433589,"Petit, Yusmeiro",1082,13.6,0.116,0.07,0.148,0.186,0.154,0.268,0.207,5,43,80,29,2018,74.9,75.82,28,84,63,0.8999999999999915,6.95,107,150,124,149,306,328,296
147,656546,"Hoffman, Jeff",2208,6.7,0.286,0.238,0.357,0.524,0.372,0.259,0.196,6,21,90.5,19.2,2491,77.5,77.44,10,41,106,-0.09999999999999432,6.43,112,152,114,144,294,317,289
144,657649,"Koenig, Jared",653,22.1,0.146,0.073,0.2,0.22,0.201,0.241,0.195,6,41,87.4,10.5,2210,77.6,77.72,13,65,79,0.10000000000000853,6.5,111,151,119,149,302,327,297
138,663485,"Sands, Cole",603,22.9,0.289,0.211,0.37,0.5,0.373,0.252,0.176,11,38,87.5,16.1,2812,78.6,76.98,19,66,72,-1.5999999999999943,5.22,110,155,121,149,295,330,289
137,670124,"Oller, Adam",1294,10.6,0.231,0.128,0.348,0.359,0.265,0.237,0.2,9,39,92.5,17,2056,80.5,80.2,17,63,74,-0.29999999999999716,6.16,113,152,117,149,300,326,295
136,675627,"Grove, Michael",472,28.8,0.208,0.25,0.308,0.458,0.325,0.271,0.185,5,24,92.2,15.3,2559,79.1,79.14,23,49,87,0,6.42,116,157,115,150,295,316,299
135,680739,"Winder, Josh",1114,12.1,0.08,0,0.1,0.08,0.092,0.233,0.194,2,25,87,23.8,2156,81,79.92,5,46,89,-1.0999999999999943,5.59,112,155,115,150,297,328,292
135,607455,"Banda, Anthony",1161,11.6,0.259,0.148,0.316,0.407,0.341,0.27,0.183,7,27,85.9,13.9,2028,81,80.58,14,44,91,-0.4000000000000057,6.14,111,153,118,149,298,322,300
133,607755,"Vasquez, Andrew",180,73.9,0.172,0.103,0.267,0.276,0.292,0.302,0.176,5,29,88.6,7.6,2521,80.4,79.75,18,53,80,-0.6000000000000085,6.17,110,150,119,149,292,315,295
131,595881,"Beede, Tyler",1100,11.9,0.2,0.05,0.333,0.25,0.282,0.24,0.147,4,20,87.7,2.6,2050,79.1,78.95,12,32,99,-0.09999999999999432,6.33,109,150,112,148,296,323,299
131,544931,"Strasburg, Stephen",445,29.4,0.148,0.037,0.211,0.185,0.183,0.209,0.155,4,27,85.9,29.1,2699,79.1,79.64,13,44,87,0.5,6.87,110,153,114,149,304,316,293
130,656876,"Rasmussen, Drew",3441,3.8,0.182,0,0.211,0.182,0.16,0.246,0.238,4,22,87.1,6.2,2677,79.8,79.47,13,50,80,-0.29999999999999716,6.4,115,159,107,154,296,327,302
128,665854,"Oviedo, Luis",580,22.1,0.13,0.087,0.3,0.217,0.273,0.21,0.056,3,23,84.3,8.6,2298,75.1,75.66,19,46,82,0.6000000000000085,6.97,111,150,120,148,299,322,294
123,605359,"Marshall, Evan",435,28.3,0.269,0.077,0.389,0.346,0.28,0.219,0.195,7,26,88.7,5.4,2712,82.5,81.79,6,42,81,-0.7000000000000028,5.81,114,151,116,148,300,318,295
122,669735,"Rodriguez, Chris",505,24.2,0.136,0.091,0.214,0.227,0.2,0.203,0.168,3,22,87.3,11.4,2445,84.6,84.01,16,47,75,-0.5999999999999943,6.04,113,156,117,149,307,326,301
121,625643,"López, Reynaldo",1923,6.3,0.182,0.227,0.176,0.409,0.237,0.338,0.212,4,22,87.1,10.9,2509,79.2,79.03,12,46,75,-0.20000000000000284,6.17,111,152,107,150,295,322,297
120,656288,"Canning, Griffin",1080,11.1,0.316,0.368,0.286,0.684,0.429,0.246,0.177,6,19,83.9,31.2,2325,81.9,80.81,12,42,78,-1.1000000000000085,5.69,118,161,114,154,302,327,301
119,518813,"Holland, Greg",1077,11,0.286,0.357,0.333,0.643,0.388,0.385,0.243,4,14,91.7,28.2,2292,77.4,77.2,13,34,85,-0.20000000000000284,5.99,109,156,112,146,296,321,304
119,656232,"Bielak, Brandon",1061,11.2,0.207,0.034,0.286,0.241,0.243,0.201,0.152,6,29,88.2,0.5,2455,80.2,78.47,13,47,72,-1.7000000000000028,5.4,115,156,121,151,288,323,294
119,657508,"Baumann, Mike",765,15.6,0.333,0.259,0.381,0.593,0.415,0.359,0.283,9,27,94.4,-13,2205,83.7,83.47,5,44,75,-0.20000000000000284,6.38,108,152,117,150,298,318,294
118,664074,"Ponce, Cody",712,16.6,0.314,0.257,0.4,0.571,0.36,0.313,0.247,11,35,89,11,2165,79.5,80.42,20,67,51,0.9000000000000057,6.9,114,153,121,148,299,320,292
117,592426,"Jackson, Luke",1055,11.1,0.263,0.053,0.294,0.316,0.272,0.305,0.297,5,19,92.1,1.2,2435,83.9,83.97,12,41,76,0.09999999999999432,6.43,109,151,124,145,301,322,296
116,665001,"Kelley, Trevor",460,25.2,0.238,0.381,0.25,0.619,0.36,0.21,0.153,5,21,87.8,30.1,2551,78.6,78.8,20,46,70,0.20000000000000284,6.52,109,153,120,145,298,317,296
115,502624,"Anderson, Chase",1345,8.6,0.389,0.5,0.357,0.889,0.538,0.405,0.316,7,18,92.5,0.3,2089,77.2,76.14,7,30,85,-1.1000000000000085,5.7,113,151,114,149,295,321,294
115,642092,"Smith, Riley",1071,10.7,0.2,0.24,0.211,0.44,0.297,0.332,0.25,5,25,86.6,9.3,2366,79.3,79.19,10,45,70,-0.09999999999999432,6.33,112,153,116,150,300,328,301
114,656686,"Martin, Corbin",771,14.8,0.364,0,0.615,0.364,0.338,0.359,0.347,8,22,95.6,12.4,2466,83.5,83.11,19,47,67,-0.4000000000000057,6.12,112,151,120,148,306,326,300
113,656234,"Bird, Jake",745,15.2,0.211,0.263,0.455,0.474,0.301,0.217,0.161,8,38,82.8,-0.4,2832,81.7,81.14,23,43,70,-0.6000000000000085,5.88,114,151,123,148,305,331,303
113,674072,"Henry, Tommy",773,14.6,0.214,0.143,0.333,0.357,0.276,0.228,0.179,6,28,92.1,0.5,2389,80.6,80.7,19,51,62,0.10000000000000853,6.37,108,153,124,148,304,324,295
112,548384,"Raley, Brooks",1711,6.5,0.192,0.115,0.267,0.308,0.212,0.243,0.198,5,26,79.1,6.1,2955,79,77.6,15,45,67,-1.4000000000000057,5.55,108,153,115,146,295,321,288
112,664042,"Lakins Sr., Travis",709,15.8,0.292,0.125,0.316,0.417,0.32,0.355,0.295,7,24,85.7,12,2735,80.6,79.65,10,39,73,-0.8999999999999915,5.84,110,152,119,149,302,322,296
112,592233,"Crichton, Stefan",403,27.8,0.133,0.133,0.25,0.267,0.257,0.209,0.104,2,15,76.3,24.2,2547,77.7,77.09,6,28,84,-0.6000000000000085,6.04,107,153,119,148,303,327,300
110,488748,"Buchter, Ryan",294,37.4,0.2,0.28,0.214,0.48,0.312,0.361,0.223,5,25,86.1,21.6,1971,76.2,76.44,15,43,67,0.20000000000000284,6.6,110,152,117,151,302,327,298
110,665645,"Castro, Kervin",440,25,0.29,0.161,0.471,0.452,0.33,0.287,0.248,9,31,93.1,4.3,2059,79.7,78.17,16,44,66,-1.5,6.76,111,152,118,151,300,323,294
110,607231,"Gant, John",1975,5.6,0.214,0,0.214,0.214,0.222,0.41,0.336,3,14,94.9,16.1,2473,74.7,74.4,4,22,88,-0.29999999999999716,6.28,116,158,113,149,296,318,300
110,663436,"Martin, Davis",1044,10.5,0.133,0.2,0.091,0.333,0.197,0.358,0.286,2,15,85.2,30.2,2627,79.7,79.62,9,40,70,-0.10000000000000853,6.29,114,153,110,151,296,326,297
109,518633,"Duffy, Danny",1009,10.8,0.263,0.053,0.455,0.316,0.25,0.255,0.259,5,19,91.6,8.2,2483,77.3,77.57,13,42,67,0.29999999999999716,6.72,107,157,117,143,298,320,295
108,542882,"Andriese, Matt",855,12.6,0.467,0.067,0.5,0.533,0.452,0.438,0.385,7,15,94.2,-5.1,2678,80.1,79.13,5,32,76,-1,5.77,112,154,118,147,292,326,299
106,663378,"Szapucki, Thomas",373,28.4,0.2,0.12,0.385,0.32,0.24,0.198,0.176,5,25,91.5,11.6,2633,79.9,79.5,14,39,67,-0.4000000000000057,6.09,112,152,115,149,299,325,298
106,669618,"Barlow, Joe",1009,10.5,0.2,0.3,0.111,0.5,0.295,0.502,0.373,2,10,93,13.5,2322,80.1,79.84,6,26,80,-0.29999999999999716,6.01,116,156,120,147,303,323,297
105,621052,"Reyes, Alex",1249,8.4,0.333,0.333,0.4,0.667,0.471,0.341,0.244,3,9,89.1,-12.2,2811,79.4,78.21,14,28,77,-1.2000000000000028,5.91,119,158,114,149,297,322,305
105,489119,"Miley, Wade",3158,3.3,0.375,0,0.6,0.375,0.402,0.333,0.257,3,8,81.2,-3.8,2398,74.5,74.16,8,30,75,-0.29999999999999716,6.03,112,152,117,146,297,321,287
105,641726,"Jefferies, Daulton",831,12.6,0.3,0.45,0.333,0.75,0.451,0.299,0.221,6,20,88.1,22.9,2393,80.1,79.36,17,42,63,-0.6999999999999886,5.83,113,151,121,149,299,316,294
105,572143,"Smith, Burch",678,15.5,0.265,0.147,0.276,0.412,0.279,0.305,0.305,9,34,91.5,4.4,2424,78.7,78.77,5,46,59,0.09999999999999432,6.59,111,150,121,149,308,327,297
105,656353,"Davidson, Tucker",1215,8.6,0.24,0.2,0.25,0.44,0.319,0.281,0.224,6,25,94.3,7.5,2476,78.5,78.03,11,42,63,-0.5,6.03,108,151,115,148,303,322,289
104,592346,"González, Chi Chi",2011,5.2,0.346,0.231,0.429,0.577,0.399,0.276,0.238,9,26,86.9,21.4,2556,81,80.66,9,55,49,-0.29999999999999716,5.8,114,150,118,148,299,334,303
103,670955,"Uceta, Edwin",653,15.8,0.133,0.067,0.2,0.2,0.143,0.238,0.249,2,15,87.8,0.5,2495,80.5,80.42,7,28,75,-0.09999999999999432,6.14,114,155,125,149,297,320,293
102,656849,"Peterson, David",3011,3.4,0.357,0.214,0.4,0.571,0.419,0.368,0.281,5,14,91.2,1.5,2283,78.1,78.72,11,33,69,0.6000000000000085,6.82,112,154,115,148,300,327,298
102,500610,"Guerra, Deolis",1086,9.4,0,0,0,0,0.076,0.135,0.069,0,17,86.1,10,2165,77.1,77.63,15,32,70,0.5,7.04,117,153,122,152,298,326,302
101,669358,"Baz, Shane",642,15.7,0.261,0.043,0.462,0.304,0.247,0.18,0.177,6,23,95.2,-5.5,2724,82.4,82.45,18,40,61,0,6.52,109,159,112,151,301,322,298
101,607188,"Faria, Jake",639,15.8,0.222,0.167,0.333,0.389,0.277,0.256,0.2,4,18,81.5,11.2,2292,75.9,75.12,8,29,72,-0.8000000000000114,6.17,111,150,111,149,300,323,296
100,571510,"Boyd, Matthew",1465,6.8,0.091,0,0.2,0.091,0.217,0.219,0.081,1,11,86.6,17.4,2551,73.4,72.54,7,18,82,-0.9000000000000057,6.09,104,154,118,147,301,327,295
97,675912,"Lowther, Zac",671,14.5,0.167,0,0.231,0.167,0.177,0.299,0.287,3,18,90.2,3.7,2571,75.3,75.26,12,35,62,0,6.79,110,152,121,148,301,322,291
96,622098,"Smith, Drew",1390,6.9,0.167,0.056,0.214,0.222,0.167,0.189,0.185,3,18,87.9,18.7,2768,77.6,75.92,8,33,63,-1.6999999999999886,5.91,116,158,117,150,298,328,303
95,622092,"Zimmer, Kyle",934,10.2,0.208,0,0.294,0.208,0.176,0.243,0.18,5,24,83.3,6,1994,77.8,77.59,12,45,50,-0.20000000000000284,6.21,108,156,116,146,296,323,303
95,502042,"Archer, Chris",2114,4.5,0.2,0.1,0.2,0.3,0.294,0.462,0.378,2,10,92.9,16.4,2457,81.8,81.68,3,30,65,-0.09999999999999432,6.04,114,159,116,151,298,333,289
94,605309,"Kela, Keone",203,46.3,0.179,0.107,0.222,0.286,0.245,0.271,0.187,5,28,87.1,20.2,2453,81.6,81.6,13,44,50,0,6.33,115,157,133,149,295,318,310
93,571735,"Hale, David",461,20.2,0.158,0.158,0.154,0.316,0.224,0.241,0.165,3,19,78.7,22.4,2304,82.7,83.33,10,38,55,0.5999999999999943,6.63,110,151,115,147,299,326,293
91,622446,"Rodriguez, Jefry",412,22.1,0.267,0.2,0.273,0.467,0.31,0.326,0.31,4,15,86.3,24.1,2304,80.7,81.84,8,33,58,1.0999999999999943,6.84,113,156,120,146,303,318,296
90,645261,"Alcantara, Sandy",6343,1.4,0.375,0.5,0.286,0.875,0.516,0.397,0.37,3,8,92.1,23.4,2390,84,83.34,5,19,71,-0.7000000000000028,5.84,119,156,107,153,299,316,290
90,448281,"Doolittle, Sean",921,9.8,0.211,0.053,0.286,0.263,0.204,0.318,0.324,4,19,89.2,24.6,2405,79.5,79.45,13,43,47,-0.09999999999999432,6.12,117,155,120,148,285,315,293
90,608334,"Fulmer, Carson",448,20.1,0.133,0,0.2,0.133,0.117,0.139,0.135,2,15,85,-13.5,2714,82.1,82,13,37,53,-0.09999999999999432,6.13,114,155,120,148,293,320,292
90,668820,"Kranick, Max",750,12,0.158,0.105,0.231,0.263,0.194,0.163,0.13,3,19,82,27.8,2266,79.4,79.93,16,43,47,0.5,6.61,113,153,116,149,297,324,292
89,547001,"Poteet, Cody",997,8.9,0.235,0.529,0.1,0.765,0.422,0.427,0.254,4,17,95.2,29.5,2905,79.1,77.95,8,34,55,-1.0999999999999943,5.65,113,155,120,147,295,319,288
88,669294,"Campbell, Paul",468,18.8,0.208,0.25,0.176,0.458,0.294,0.293,0.205,5,24,80.4,7.6,2854,79,78.11,10,37,51,-0.9000000000000057,5.73,110,150,117,147,299,316,289
87,594795,"Dayton, Grant",250,34.8,0.174,0.13,0.231,0.304,0.222,0.262,0.211,4,23,83.4,12.7,2328,77.2,77.39,14,37,50,0.20000000000000284,6.42,104,145,116,147,300,319,295
86,453281,"LeBlanc, Wade",794,10.8,0.2,0.2,0.167,0.4,0.25,0.241,0.217,4,20,78.8,30.9,2321,73.3,72.65,6,31,55,-0.7000000000000028,5.92,111,155,116,150,299,322,299
84,541640,"Ramirez, Erasmo",1614,5.2,0.105,0.053,0.182,0.158,0.113,0.152,0.126,2,19,81,31.1,2561,80.6,80.6,14,36,48,0,6.28,119,158,128,149,301,319,301
83,670970,"Morejon, Adrian",620,13.4,0.267,0.067,0.364,0.333,0.288,0.313,0.265,4,15,91.9,17.2,2524,80,79.81,10,33,50,-0.20000000000000284,6.28,113,156,124,150,302,322,300
83,446321,"Detwiler, Ross",1359,6.1,0.267,0.4,0.182,0.667,0.382,0.336,0.278,4,15,84.6,15.2,2066,77.2,75.15,7,24,59,-2,5.47,104,149,118,146,297,316,287
82,571901,"Loup, Aaron",1800,4.6,0.118,0,0.167,0.118,0.16,0.304,0.233,2,17,85.1,30.1,2430,75.7,74.61,14,35,47,-1.1000000000000085,5.97,114,154,112,150,291,323,300
80,663531,"Allen, Logan",1038,7.7,0.308,0.385,0.3,0.692,0.413,0.423,0.377,4,13,90.2,-0.6,2701,76.7,76.12,6,32,48,-0.6000000000000085,5.91,109,152,117,147,297,314,288
79,641627,"Gott, Trevor",761,10.4,0.154,0,0.25,0.154,0.24,0.281,0.191,2,13,83.3,-4.6,2073,82.7,82.06,6,20,59,-0.6000000000000085,6.06,117,156,122,147,296,319,299
79,605194,"Cotton, Jharel",1282,6.2,0.467,0.067,0.538,0.533,0.427,0.179,0.168,7,15,84.5,1.8,2576,76.5,75.11,1,17,62,-1.4000000000000057,5.32,114,155,117,148,301,325,295
78,592804,"Thornburg, Tyler",362,21.5,0.273,0.091,0.375,0.364,0.31,0.315,0.27,3,11,84.4,12.6,2616,76.1,75.59,5,26,52,-0.5,6.25,109,151,118,147,303,330,292
77,663770,"Evans, Demarcus",522,14.8,0.214,0.143,0.273,0.357,0.279,0.276,0.22,3,14,88.5,28.5,2262,79.6,79.65,13,32,45,0,6.31,113,156,127,147,307,329,297
76,605138,"Benjamin, Wes",461,16.5,0.375,0.375,0.308,0.75,0.469,0.457,0.29,6,16,94.3,21.8,2458,78.4,77.68,3,29,47,-0.7000000000000028,5.8,113,160,122,147,301,328,298
75,663455,"Pilkington, Konnor",1039,7.2,0.143,0,0.167,0.143,0.255,0.37,0.289,1,7,95.3,-7.3,2177,77,76.82,10,26,49,-0.20000000000000284,6.26,108,152,114,147,298,318,288
75,595191,"Eickhoff, Jerad",440,17,0.211,0.053,0.364,0.263,0.294,0.325,0.229,4,19,78.3,2.3,2612,74.4,74.02,12,32,43,-0.4000000000000057,6.04,114,155,114,144,301,329,302
74,571882,"Law, Derek",644,11.5,0.2,0,0.2,0.2,0.224,0.281,0.238,1,5,86.3,34.8,2112,76.2,76.64,7,16,58,0.3999999999999915,6.57,110,153,115,148,294,322,292
72,640451,"Harvey, Hunter",800,9,0.467,0,0.583,0.467,0.445,0.377,0.358,7,15,86.3,-11.7,2046,82.9,82.22,7,29,43,-0.7000000000000028,6.07,109,156,121,148,300,316,297
72,656818,"Overton, Connor",743,9.7,0.3,0,0.333,0.3,0.265,0.276,0.283,3,10,88.2,25.9,2370,79.4,78.93,4,23,49,-0.5,5.98,120,157,118,147,293,318,295
71,608665,"Graveman, Kendall",1906,3.7,0.25,0,0.6,0.25,0.238,0.157,0.132,3,12,91,5,2443,82.4,82.41,13,23,48,0,6.3,114,154,115,150,287,320,297
71,592644,"Plutko, Adam",1014,7,0.154,0,0.25,0.154,0.211,0.232,0.144,2,13,91.3,29.1,2894,77,76.15,7,20,51,-0.7999999999999972,5.91,115,155,117,151,296,322,299
71,596027,"Maples, Dillon",565,12.6,0.143,0,0.5,0.143,0.256,0.203,0.058,2,14,76.1,-21,3149,84.1,83.33,11,20,51,-0.7999999999999972,6.08,114,154,115,149,290,316,296
71,669211,"Akin, Keegan",3003,2.4,0.313,0.125,0.357,0.438,0.32,0.299,0.307,5,16,89.3,3.3,2410,76.3,75.76,2,27,44,-0.5,5.86,109,155,121,149,300,322,292
71,663989,"Vespi, Nick",446,15.9,0.176,0.059,0.2,0.235,0.178,0.225,0.237,3,17,78.5,4.5,2421,80.5,79.73,10,30,41,-0.7999999999999972,5.84,104,154,112,147,303,321,292
70,663734,"Neidert, Nick",680,10.3,0.25,0.125,0.333,0.375,0.357,0.26,0.156,2,8,75.8,7.7,2074,75.1,74.47,4,23,47,-0.5999999999999943,6.14,113,151,113,151,295,315,290
70,641743,"Kay, Anthony",688,10.2,0.25,0.333,0.286,0.583,0.413,0.374,0.227,3,12,95.1,0,2373,77.8,77,8,22,48,-0.7999999999999972,5.79,106,159,119,148,291,315,291
70,643400,"Knight, Dusten",378,18.5,0.429,0.357,0.625,0.786,0.514,0.271,0.216,6,14,91.5,5.4,2137,77.8,77.4,9,30,40,-0.3999999999999915,6.23,106,156,121,146,294,324,296
69,681885,"Lee, Evan",165,41.8,0.158,0,0.214,0.158,0.193,0.283,0.225,3,19,88.2,16.4,2717,80.1,79.37,9,30,39,-0.6999999999999886,5.85,115,156,120,147,302,325,298
69,434671,"Sánchez, Aníbal",1232,5.6,0.286,0.429,0.167,0.714,0.456,0.432,0.323,2,7,85.6,26.9,1953,75.4,75.34,1,18,51,-0.10000000000000853,6.22,115,157,120,146,299,314,299
69,669212,"Morgan, Eli",2431,2.8,0.455,0.364,0.444,0.818,0.548,0.602,0.461,5,11,95.7,11.4,2311,77,76.41,5,24,45,-0.5999999999999943,5.92,116,156,115,150,292,316,291
68,543594,"Nolin, Sean",499,13.6,0.267,0.133,0.308,0.4,0.306,0.261,0.223,4,15,91.1,10.8,1775,74,73.78,5,26,42,-0.20000000000000284,6.21,108,153,118,142,299,323,295
67,656731,"Megill, Tylor",2345,2.9,0.308,0.231,0.273,0.538,0.381,0.395,0.313,4,13,87.3,5.6,2226,80,81.24,3,19,48,1.2000000000000028,7.1,119,161,107,151,299,328,303
67,676083,"Junk, Janson",406,16.5,0.455,0.318,0.444,0.773,0.522,0.393,0.325,10,22,91.7,-6.9,2408,79.2,78.68,5,33,34,-0.5,6.09,120,161,111,152,299,325,300
66,650496,"Mejía, J.C.",1041,6.3,0.077,0,0.111,0.077,0.068,0.148,0.146,1,13,82.5,3.9,2510,80.4,79.73,3,29,37,-0.7000000000000028,6.06,116,156,131,151,289,321,297
66,543548,"Milone, Tommy",479,13.8,0.25,0.25,0.2,0.5,0.3,0.371,0.311,4,16,90.3,14.7,2372,74.3,73.81,2,31,35,-0.5,5.9,106,151,119,147,290,319,287
66,672715,"Patiño, Luis",1753,3.8,0.444,0.556,0.429,1,0.617,0.655,0.489,4,9,93.9,24.8,2572,77.8,78.45,4,22,44,0.7000000000000028,6.74,111,161,113,151,293,319,297
65,642233,"Yardley, Eric",315,20.6,0.563,0.625,0.636,1.188,0.724,0.383,0.266,9,16,85.8,10,2732,72.9,72.38,4,22,43,-0.5,6.08,108,152,119,146,302,321,298
65,650382,"Hernandez, Darwinzon",936,6.9,0.111,0,0.2,0.111,0.211,0.214,0.101,1,9,83.6,19,2853,79.1,79.25,7,17,48,0.20000000000000284,6.7,107,152,115,148,295,329,296
65,605182,"Clevinger, Mike",1931,3.4,0.313,0,0.385,0.313,0.276,0.238,0.212,5,16,87.6,8.7,2231,76.8,77.27,4,28,37,0.5,6.74,118,168,119,153,293,319,301
65,595939,"Ellis, Chris",565,11.5,0.167,0,0.25,0.167,0.175,0.26,0.248,3,18,85.5,16.3,2415,81.2,81.08,8,34,31,-0.10000000000000853,6.23,111,156,115,151,291,321,293
64,628317,"Maeda, Kenta",1775,3.6,0,0,0,0,0.144,0.341,0.264,0,4,81.4,9.5,2620,75.2,74.33,1,7,57,-0.9000000000000057,5.7,113,169,106,152,298,329,293
64,488984,"Hunter, Tommy",458,14,0.261,0.348,0.25,0.609,0.381,0.378,0.316,6,23,91.4,11.3,2733,84.2,84.36,11,39,25,0.20000000000000284,6.27,113,156,120,150,297,328,297
64,593833,"Suero, Wander",761,8.4,0.313,0.25,0.4,0.563,0.4,0.352,0.259,5,16,89.5,6.2,2677,78.8,78.53,7,27,37,-0.29999999999999716,6.31,112,154,124,145,306,321,290
63,608652,"Farrell, Luke",758,8.3,0.267,0.267,0.5,0.533,0.361,0.269,0.188,4,15,91.1,13.5,2600,77.6,77.3,9,21,42,-0.29999999999999716,6.14,110,153,116,150,299,327,294
60,605242,"Fulmer, Michael",2226,2.7,0.182,0.273,0.5,0.455,0.306,0.236,0.106,2,11,91.8,32,2485,79.3,79.12,10,21,39,-0.20000000000000284,6.39,116,160,124,152,298,330,300
60,676534,"Faucher, Calvin",433,13.9,0.308,0.462,0.2,0.769,0.455,0.474,0.377,4,13,96.5,4.7,2925,85.3,84.06,5,22,38,-1.2000000000000028,5.61,113,156,110,150,301,326,301
59,676265,"Abbott, Cory",1197,4.9,0,0,0,0,0.049,0.232,0.198,0,13,89,2.6,2439,84.1,83.28,5,22,37,-0.7999999999999972,5.88,112,152,115,152,296,324,300
58,605513,"Turnbull, Spencer",775,7.5,0.1,0,0.143,0.1,0.146,0.246,0.208,1,10,86.5,9.4,2622,79.8,79.2,7,21,37,-0.5999999999999943,6.21,111,153,120,149,298,329,301
58,668948,"McCarty, Kirk",574,10.1,0.385,0.308,0.5,0.692,0.46,0.415,0.319,5,13,90.8,20.7,2714,77.1,76.55,8,23,35,-0.5,5.91,109,155,122,149,297,317,294
58,621389,"Blach, Ty",674,8.6,0.474,0.526,0.467,1,0.627,0.402,0.301,9,19,88,9.1,2387,79.2,77.85,3,27,31,-1.4000000000000057,5.18,113,151,122,146,302,329,301
58,518748,"Grimm, Justin",277,20.9,0.235,0.176,0.3,0.412,0.278,0.212,0.181,4,17,79.3,-2.3,2238,82,82.52,12,34,24,0.5,6.88,111,151,124,150,294,317,301
57,623454,"Anderson, Drew",352,16.2,0.1,0,0.125,0.1,0.143,0.284,0.245,1,10,85.7,-10.1,2531,77.2,76.73,3,19,38,-0.5,6.18,116,161,126,150,306,328,297
56,595465,"Winkler, Dan",787,7.1,0.167,0,0.333,0.167,0.147,0.202,0.207,2,12,91.5,10.7,2619,82.4,82.88,5,16,40,0.5,6.54,113,156,119,151,299,322,296
56,453284,"Parker, Blake",713,7.9,0.125,0,0.143,0.125,0.11,0.285,0.268,1,8,90.4,12.6,2092,75.8,76.41,6,14,42,0.6000000000000085,6.61,116,152,110,152,288,315,291
56,656793,"Nelson, Nick",1542,3.6,0,0,0,0,0.144,0.203,0.064,0,8,82.3,33.2,2297,81.4,80.99,6,18,38,-0.4000000000000057,6.29,109,147,115,143,299,324,286
56,592145,"Biddle, Jesse",186,30.1,0.2,0,0.333,0.2,0.264,0.238,0.151,2,10,88,-0.3,2622,78,77.77,6,19,37,-0.20000000000000284,6.39,100,149,118,147,301,320,292
56,572403,"VerHagen, Drew",419,13.4,0.111,0,0.125,0.111,0.098,0.319,0.341,1,9,89.4,-3.1,2216,78.2,77.19,3,17,39,-1,5.83,119,153,113,146,294,320,301
56,543521,"McHugh, Collin",2058,2.7,0.138,0.207,0.2,0.345,0.201,0.1,0.075,4,29,79.6,27.3,2776,74.4,74.33,15,36,20,-0.10000000000000853,6.58,115,154,132,148,296,317,296
55,660730,"Rodriguez, Elvin",534,10.3,0.333,0.667,0.2,1,0.559,0.215,0.162,3,9,91.9,28.3,2527,78.5,78.6,2,12,43,0.09999999999999432,6.46,114,158,134,148,304,331,294
54,669935,"Alexy, A.J.",576,9.4,0.25,0,0.5,0.25,0.22,0.228,0.245,1,4,80,33.5,2469,77.1,76.75,5,10,44,-0.29999999999999716,6.46,117,159,123,149,299,320,297
53,657097,"Webb, Jacob",568,9.3,0.286,0,0.286,0.286,0.251,0.234,0.25,2,7,86.2,-4.9,2599,81.2,80.58,2,14,39,-0.6000000000000085,5.99,111,148,126,141,300,320,296
53,643778,"Webb, Tyler",392,13.5,0.286,0,0.333,0.286,0.349,0.339,0.255,2,7,82.6,26.5,2261,74.6,74.52,3,17,36,-0.09999999999999432,6.34,115,156,117,149,293,317,299
53,641582,"Foster, Matt",1497,3.5,0.154,0.077,0.167,0.231,0.165,0.293,0.284,2,13,92.2,17.4,2150,79.6,79.32,2,21,32,-0.29999999999999716,6.05,109,151,109,147,297,322,299
53,641632,"Greene, Conner",447,11.9,0,0,0,0,0.086,0.12,0.038,0,7,77.8,51.8,2422,78.4,78.64,5,17,36,0.19999999999998863,6.48,110,151,115,148,294,325,293
53,642048,"Saucedo, Tayler",480,11,0.111,0.111,0.2,0.222,0.138,0.136,0.147,1,9,68.1,9.8,2484,79.6,79.63,8,15,38,0,6.44,108,150,117,145,297,317,291
52,594798,"deGrom, Jacob",2166,2.4,0,0,0,0,0,0.183,0.194,0,6,74.2,7.4,2692,83.4,84.17,9,23,29,0.7999999999999972,6.56,118,162,108,154,295,326,302
52,671790,"Bolaños, Ronald",438,11.9,0.25,0.25,0.4,0.5,0.357,0.286,0.183,2,8,84,28.8,2574,77.9,78.27,3,18,34,0.3999999999999915,6.57,109,160,120,148,302,327,309
52,666214,"Wentz, Joey",555,9.4,0.1,0,0.167,0.1,0.143,0.266,0.196,1,10,80.7,-16.5,2291,75.4,75.19,5,19,33,-0.20000000000000284,6.21,108,154,116,147,300,328,291
51,664714,"Newsome, Ljay",276,18.5,0.556,0.333,0.625,0.889,0.609,0.34,0.331,5,9,95.5,19,2218,77.6,77.41,6,22,29,-0.19999999999998863,5.98,109,153,117,147,296,328,300
50,596049,"Morimando, Shawn",199,25.1,0.25,0.083,0.3,0.333,0.231,0.223,0.226,3,12,88,11.8,2283,74.8,74.33,5,21,29,-0.5,6.18,104,149,121,147,304,316,283
49,622786,"Tinoco, Jesus",382,12.8,0,0,0,0,0.08,0.209,0.126,0,8,93.4,13.8,2404,84.8,84.57,8,19,30,-0.20000000000000284,6.07,114,158,134,149,287,315,295
49,689225,"Brieske, Beau",1287,3.8,0.5,0.9,0.286,1.4,0.798,0.505,0.37,5,10,95.2,20.5,2262,78.1,77.31,2,16,33,-0.7999999999999972,5.59,110,158,114,148,302,329,296
49,663753,"Knehr, Reiss",755,6.5,0.1,0.1,0.111,0.2,0.18,0.232,0.159,1,10,91.2,26.2,2020,79.2,79.47,3,22,27,0.29999999999999716,6.52,109,158,126,150,297,317,294
49,658431,"Medina, Adonis",551,8.9,0.5,0.25,0.667,0.75,0.536,0.243,0.234,2,4,84.2,39,2469,80.8,80.01,3,15,34,-0.7999999999999972,5.91,109,152,118,149,301,326,297
48,572703,"Bard, Luke",241,19.9,0,0,0,0,0.055,0.188,0.156,0,12,79.7,17.9,2744,78.1,77.64,10,23,25,-0.5,6.27,108,159,117,149,304,322,292
48,621383,"Banks, Tanner",897,5.4,0.154,0,0.25,0.154,0.21,0.366,0.321,2,13,86.5,22.1,2299,82.1,81.29,5,18,30,-0.7999999999999972,5.81,108,147,116,147,293,325,298
48,542881,"Anderson, Tyler",5178,0.9,0.6,0.2,0.6,0.8,0.6,0.465,0.443,3,5,97.4,23.8,2242,73.6,73.23,2,11,37,-0.3999999999999915,5.95,111,155,117,149,301,316,289
47,686610,"Waldichuk, Ken",586,8,0,0,0,0,0,0.212,0.218,0,5,86,-5.5,2059,75.2,75.94,2,10,37,0.7000000000000028,7.07,109,153,116,150,303,326,294
47,605388,"Morgan, Adam",442,10.6,0.167,0.333,0.25,0.5,0.261,0.099,0.094,1,6,80.1,17.5,2981,78.8,78.11,5,16,31,-0.7000000000000028,5.7,103,147,111,145,302,320,298
47,547179,"Lorenzen, Michael",2135,2.2,0.6,0.4,0.6,1,0.681,0.446,0.376,3,5,97.9,2.4,2603,81.5,80.63,2,13,34,-0.9000000000000057,5.87,115,154,108,157,292,321,294
47,656981,"Solomon, Peter",227,20.7,0.5,0.167,0.6,0.667,0.429,0.278,0.257,3,6,94.3,21.8,1971,78.4,77.57,3,11,36,-0.8000000000000114,6,112,154,118,153,288,318,290
46,657240,"Merryweather, Julian",634,7.3,0.286,0,0.4,0.286,0.31,0.269,0.206,2,7,83.9,-13.6,2376,80.2,80.05,5,16,30,-0.10000000000000853,6.6,108,154,132,145,299,320,290
46,676606,"Margevicius, Nick",259,17.8,0.286,0.286,0.273,0.571,0.382,0.435,0.381,4,14,86.7,14.3,2084,71.9,71.98,5,24,22,0.09999999999999432,6.6,108,154,117,147,302,325,297
46,456501,"Cueto, Johnny",4250,1.1,0.571,0.429,0.5,1,0.673,0.443,0.354,4,7,71.2,-1.3,2253,76.1,75.3,1,15,31,-0.7999999999999972,5.58,112,157,109,149,292,321,292
46,664045,"Eshelman, Thomas",441,10.4,0.364,0.455,0.3,0.818,0.505,0.399,0.3,4,11,89.1,4.5,1835,76.2,76.04,2,22,24,-0.20000000000000284,6.14,111,156,115,151,290,322,298
46,621237,"Alvarado, José",1926,2.4,0.222,0.111,0.4,0.333,0.236,0.099,0.103,2,9,90,-10.8,2449,87,87.52,9,19,27,0.5,6.63,108,151,115,146,295,320,286
44,666142,"Ragans, Cole",706,6.2,0.25,0.25,0.25,0.5,0.315,0.46,0.464,1,4,95.2,18.8,2220,76.3,75.32,3,12,32,-1,5.98,111,153,115,148,296,319,295
42,596133,"Weaver, Luke",1830,2.3,0.167,0.083,0.333,0.25,0.177,0.188,0.193,2,12,86,1,2315,79,78.2,5,14,28,-0.7999999999999972,5.67,116,154,118,151,295,318,291
40,657031,"Taylor, Josh",791,5.1,0,0,0,0,0,0.064,0.066,0,3,98.1,12,2142,80.2,80.76,2,9,31,0.5999999999999943,6.61,107,153,115,147,298,328,291
40,571871,"Krol, Ian",349,11.5,0.2,0,0.5,0.2,0.369,0.382,0.201,1,5,88.9,-17,2528,78,76.72,5,13,27,-1.2999999999999972,5.58,110,153,123,150,293,325,296
38,664871,"Dowdy, Kyle",95,40,0.091,0,0.111,0.091,0.131,0.223,0.189,1,11,84.8,19.7,2429,81.4,81.66,2,14,24,0.29999999999999716,6.65,108,149,128,148,298,325,294
38,640455,"Manaea, Sean",5462,0.7,0.333,0.167,0.5,0.5,0.402,0.353,0.311,2,6,72.6,4.7,2069,77.7,78.34,7,16,22,0.5999999999999943,7.01,114,157,122,156,302,324,302
37,543022,"Chatwood, Tyler",591,6.3,0.1,0,0.125,0.1,0.146,0.316,0.293,1,10,89.8,-4.2,2878,81,80.52,4,18,19,-0.5,6.05,117,155,125,152,293,317,296
36,458676,"Lindblom, Josh",342,10.5,0.5,0.5,0.5,1,0.655,0.724,0.778,1,2,84.6,13,2821,72.9,72.1,5,11,25,-0.8000000000000114,6.17,108,155,123,146,297,320,295
36,663158,"Suarez, Robert",801,4.5,0.333,0.167,0.333,0.5,0.358,0.347,0.336,2,6,94.1,7.5,2153,80.6,81.06,1,13,23,0.5,6.62,118,163,121,152,302,327,302
36,656786,"Mushinski, Parker",111,32.4,0,0,0,0,0.08,0.195,0.131,0,8,94.6,-5.3,2652,80,79.43,5,14,22,-0.5999999999999943,6.41,114,154,116,148,287,321,288
34,641853,"McKay, David",135,25.2,0.5,0.5,0.571,1,0.636,0.571,0.463,5,10,86.5,14.8,2749,77.4,77.5,5,18,16,0.09999999999999432,6.56,110,154,124,149,300,324,294
34,676424,"Bettinger, Alec",199,17.1,0.857,0.571,0.833,1.429,0.936,0.458,0.425,6,7,88,18,2343,74.8,74.83,0,14,20,0,6.33,111,152,118,148,297,322,293
34,457918,"Happ, J.A.",2674,1.3,0.333,0.667,0.333,1,0.544,0.3,0.246,3,9,90.7,27.8,2231,76.2,75.65,3,15,19,-0.6000000000000085,5.77,107,154,117,146,301,324,295
33,623433,"Anderson, Nick",102,32.4,0.125,0,0.125,0.125,0.098,0.266,0.268,1,8,75.6,18.9,1854,81,79.9,6,20,13,-1.0999999999999943,5.8,102,163,111,148,304,327,298
33,669194,"Nelson, Ryne",253,13,0.286,0.143,0.333,0.429,0.268,0.158,0.193,2,7,73.4,23.3,2507,76.9,76.84,2,8,25,-0.10000000000000853,6.48,114,155,123,154,295,321,295
33,676917,"Cavalli, Cade",99,33.3,0.5,0.25,1,0.75,0.584,0.35,0.153,4,8,88.9,12.3,2188,84.9,84.55,6,16,17,-0.30000000000001137,6.02,105,150,125,145,294,313,300
32,664942,"Naile, James",126,25.4,0.2,0,0.25,0.2,0.177,0.28,0.288,2,10,89.2,13.6,2671,82.3,82.48,4,16,16,0.20000000000000284,6.48,110,151,124,149,306,321,300
32,642121,"Sulser, Cole",1689,1.9,0.25,0,0.25,0.25,0.22,0.261,0.278,1,4,89.3,12,2392,77.4,77.37,2,9,23,0,6.53,116,160,110,152,292,321,299
31,455119,"Martin, Chris",1521,2,0.375,0.5,0.4,0.875,0.527,0.379,0.263,3,8,85,-0.2,2576,83.9,83.84,4,15,16,-0.10000000000000853,6.46,107,152,117,151,303,321,294
31,600887,"Del Pozo, Miguel",80,38.8,0.417,0.083,0.556,0.5,0.419,0.357,0.346,5,12,86.8,21.7,2422,82.6,81.72,1,13,18,-0.8999999999999915,5.48,105,151,123,147,298,324,295
31,676130,"Butto, Jose",98,31.6,0.25,0,0.4,0.25,0.221,0.173,0.179,2,8,82.8,12.6,2549,81.3,80.68,6,18,13,-0.5999999999999943,6.1,108,150,120,151,293,326,288
30,571676,"Frankoff, Seth",260,11.5,0.286,0.429,0.5,0.714,0.447,0.431,0.26,2,7,80.4,36,2467,78.3,77.35,3,8,22,-0.8999999999999915,5.92,110,153,128,148,309,335,302
29,665620,"García, Deivi",153,19,0.333,0.333,0.333,0.667,0.355,0.495,0.289,2,6,92.5,18.5,2666,75.8,75.55,2,10,19,-0.29999999999999716,6.39,116,157,113,144,297,326,296
29,665871,"Assad, Javier",690,4.2,0.125,0,0.2,0.125,0.11,0.132,0.142,1,8,86.8,18,2432,75.9,76.2,6,14,15,0.29999999999999716,6.53,116,153,113,156,300,319,292
29,543699,"Roark, Tanner",131,22.1,0.286,0.143,0.5,0.429,0.303,0.227,0.224,2,7,88.2,4.5,2755,73.1,71.94,5,12,17,-1.1999999999999886,5.71,110,154,120,150,291,323,298
28,554431,"Matzek, Tyler",1778,1.6,0.667,0.333,1,1,0.707,0.461,0.499,2,3,85.5,17,2927,80.7,80.24,2,5,23,-0.5,6.25,105,150,119,149,295,313,291
28,665733,"Santos, Antonio",176,15.9,0,0,0,0,0,0.012,0.014,0,6,71.4,-23,2172,79.8,80.24,5,10,18,0.4000000000000057,6.55,112,153,124,146,299,326,298
28,676194,"Tetreault, Jackson",365,7.7,0.6,0,0.6,0.6,0.557,0.5,0.419,3,5,82.8,3,2119,82.2,83.47,3,10,18,1.2999999999999972,7.08,117,156,118,147,305,323,304
28,641941,"Pagán, Emilio",2224,1.3,0.125,0,0.2,0.125,0.11,0.173,0.188,1,8,87.8,-9.2,2632,80.2,80.63,5,12,16,0.3999999999999915,6.74,119,160,125,151,289,317,288
28,663752,"Morris, Cody",404,6.9,0,0,0,0,0,0.075,0.075,0,6,87.5,6.3,2364,79.6,79.04,3,11,17,-0.5999999999999943,6.19,111,157,119,149,303,315,295
27,621248,"Garza Jr., Ralph",999,2.7,0,0,0,0,0,0.088,0.092,0,6,71.1,11.5,2491,79.6,79.44,4,11,16,-0.19999999999998863,6.19,120,162,125,154,287,322,298
27,594965,"Ponce de Leon, Daniel",653,4.1,0.143,0.143,0.2,0.286,0.177,0.061,0.065,1,7,82.8,19.8,2538,77,76.63,2,12,15,-0.4000000000000057,6.07,119,157,122,148,300,321,304
27,571578,"Corbin, Patrick",5373,0.5,0.8,1.4,0.667,2.2,1.227,0.707,0.455,4,5,96.1,21,1792,65.1,65.22,1,11,16,0.10000000000000853,6.44,107,154,115,150,311,322,292
27,676604,"Zuber, Tyler",506,5.3,0,0,0,0,0,0.182,0.119,0,3,90,43.3,2741,79.5,78.51,2,5,22,-1,5.68,107,157,110,145,293,318,301
26,657756,"Seabold, Connor",413,6.3,0.4,0.8,0.25,1.2,0.671,0.401,0.242,2,5,89.5,12,2549,79.6,79.02,2,11,15,-0.5999999999999943,5.68,112,154,111,145,298,331,295
26,606273,"Elías, Roenis",114,22.8,0.286,0.143,0.286,0.429,0.306,0.244,0.244,2,7,87,11.1,2321,77.3,75.74,3,10,16,-1.5999999999999943,5.39,111,152,122,147,294,320,285
26,501789,"Harris, Will",135,19.3,0.25,0.125,0.4,0.375,0.265,0.191,0.197,2,8,84.3,-2.6,2562,79.7,79.73,5,12,14,0,6.7,110,154,123,150,308,318,298
26,465657,"Soria, Joakim",605,4.3,0.2,0.2,0.5,0.4,0.248,0.136,0.129,1,5,96.8,6,2659,70,69.62,6,8,18,-0.4000000000000057,6.52,114,155,118,152,301,329,302
26,676709,"Tice, Ty",142,18.3,0.167,0.167,0.25,0.333,0.281,0.304,0.163,1,6,78.3,17.5,2694,79.9,79.52,2,8,18,-0.4000000000000057,6.07,105,153,119,148,295,315,280
25,657770,"Stout, Eric",450,5.6,0,0,0,0,0.172,0.383,0.286,0,3,88.1,11,2445,77.8,76.44,2,10,15,-1.3999999999999915,5.77,107,152,118,147,304,321,293
25,452027,"Albers, Andrew",365,6.8,0.4,0.6,0.5,1,0.577,0.341,0.264,2,5,82.1,16,2260,68.8,68.21,4,9,16,-0.5999999999999943,5.93,108,155,119,148,297,329,289
25,461325,"Clippard, Tyler",523,4.8,0,0,0,0,0,0.569,0.399,0,2,96.4,27,2102,74.5,73.91,1,7,18,-0.5999999999999943,5.94,116,157,119,150,299,322,295
25,594986,"Ryan, Kyle",225,11.1,0.167,0,0.167,0.167,0.126,0.224,0.226,1,6,81.8,-12.5,2259,81.4,82.3,4,13,12,0.8999999999999915,6.82,107,149,112,148,298,327,302
24,493603,"Ottavino, Adam",2203,1.1,0,0,0,0,0,0.072,0.073,0,4,82.7,31.5,2813,79,79.51,2,5,19,0.5,6.85,116,159,121,149,282,322,304
24,594577,"Mayers, Mike",2126,1.1,1,0,1,1,0.884,0.446,0.436,2,2,94.8,3.5,2394,77.2,76.47,0,6,18,-0.7000000000000028,5.92,118,160,107,154,292,321,293
24,681217,"Silseth, Chase",501,4.8,0.6,0.8,0.5,1.4,0.843,0.538,0.416,3,5,88.4,1.4,2664,78.9,77.94,2,10,14,-1,5.91,115,150,106,157,295,321,293
24,605525,"Wendelken, J.B.",1237,1.9,0.333,0,0.333,0.333,0.293,0.4,0.411,1,3,86.3,-5,2457,79.9,78.97,0,7,17,-0.9000000000000057,6.09,120,154,126,155,297,322,298
24,678061,"Kerr, Ray",88,27.3,0.333,0.167,0.333,0.5,0.358,0.481,0.377,2,6,83,15.8,1810,81.4,80.82,1,12,12,-0.6000000000000085,5.97,119,160,122,148,290,312,297
24,669135,"Sceroler, Mac",198,12.1,0.2,0.6,0,0.8,0.401,0.343,0.225,1,5,98,12.5,2885,78.3,77.62,3,7,17,-0.7000000000000028,6.16,111,150,126,151,299,321,297
24,664157,"Bergen, Travis",188,12.8,0,0,0,0,0,0.205,0.205,0,5,66.2,40,2555,81.9,81.41,2,9,15,-0.5,5.88,112,157,126,149,286,316,289
24,646242,"Diaz, Jhonathan",473,5.1,0,0,0,0,0,0.291,0.211,0,4,93.4,6.6,2710,74.7,74.65,0,5,19,0,6.44,105,149,111,144,296,322,294
24,670810,"Gillaspie, Logan",262,9.2,0,0,0,0,0.144,0.174,0.021,0,4,94.4,34,2222,81.7,81.47,4,7,17,-0.20000000000000284,6.27,116,158,119,151,292,323,296
23,660365,"Yang, Hyeon-Jong",592,3.9,0.2,0.2,0.2,0.4,0.248,0.319,0.277,1,5,92.1,4.2,2339,72.1,72.25,0,7,16,0.20000000000000284,6.55,120,160,123,150,297,323,293
23,642701,"Santana, Dennis",1900,1.2,,,,,0.692,0.692,,0,0,,,2662,81.9,81.07,2,3,20,-0.8000000000000114,6.07,109,150,123,146,287,318,282
23,626929,"Thorpe, Lewis",251,9.2,0,0,0,0,0,0.026,0.02,0,3,77,17.5,2377,71.8,71.79,0,6,17,0,6.47,98,151,114,146,302,329,290
23,607179,"Weems, Jordan",872,2.6,0.2,0.6,0,0.8,0.46,0.301,0.159,1,5,82.9,33.8,2196,79.9,80.07,4,12,11,0.19999999999998863,6.53,119,155,124,146,297,321,296
23,663947,"Holton, Tyler",159,14.5,0,0,0,0,0,0.05,0.052,0,3,92.5,-13,2588,77.3,77.16,4,9,14,-0.09999999999999432,6.56,115,152,119,149,295,320,298
23,663567,"Lambert, Peter",123,18.7,0.25,0,0.25,0.25,0.22,0.133,0.129,1,4,81.9,-15.7,2074,76.7,76.51,1,6,17,-0.20000000000000284,6.01,115,151,117,147,301,332,310
23,624427,"Gonsalves, Stephen",82,28,0,0,0,0,0,0.458,0.48,0,1,99.3,1,2371,72.3,72.4,3,8,15,0.10000000000000853,6.9,105,148,114,148,303,326,300
22,621056,"Wood, Hunter",66,33.3,0,0,0,0,0.099,0.139,0.035,0,6,90.2,43,2512,76.7,75.58,5,9,13,-1.1000000000000085,5.84,118,161,126,150,298,333,298
22,670329,"Garcia, Rico",136,16.2,0.6,0.6,0.5,1.2,0.755,0.741,0.564,3,5,85.1,38.6,2354,83.6,83.15,0,8,14,-0.5,5.87,104,154,117,147,303,319,291
22,605240,"Fry, Jace",136,16.2,0.5,0,0.667,0.5,0.44,0.362,0.377,2,4,85.7,5.3,2099,78.5,77.52,2,5,17,-1,5.58,105,148,112,145,300,324,292
22,573186,"Stroman, Marcus",4922,0.4,0.5,0.5,1,1,0.631,0.38,0.386,1,2,105.5,9,2516,77.8,76.58,2,5,17,-1.2000000000000028,5.47,114,159,110,151,296,323,296
22,676617,"O'Brien, Riley",65,33.8,0,0,0,0,0.172,0.192,0.024,0,3,63.2,-13,2395,78.5,78.91,5,11,11,0.4000000000000057,6.74,113,149,129,149,298,319,293
21,640470,"Alzolay, Adbert",2148,1,1,1.5,1,2.5,1.443,0.611,0.511,2,2,94.8,22.5,2648,80,80.1,0,3,18,0.09999999999999432,6.15,111,159,113,152,297,325,300
21,596043,"Mengden, Daniel",119,17.6,0.667,0.667,1,1.333,0.841,0.799,0.602,2,3,105.9,16,2407,72.3,71.85,2,10,11,-0.5,6.12,106,159,115,145,303,326,297
21,668873,"Kilian, Caleb",235,8.9,0,0,0,0,0.23,0.324,0.073,0,2,99,39,2407,76.8,77.18,1,8,13,0.4000000000000057,6.79,105,150,109,154,302,317,302
20,425877,"Molina, Yadier",40,50,0.625,0.625,0.571,1.25,0.795,0.496,0.453,5,8,93,17.1,1476,53.2,51.04,0,11,9,-2.200000000000003,4.45,118,152,135,152,309,344,314
20,643230,"Brault, Steven",655,3.1,0.333,0.167,0.4,0.5,0.353,0.253,0.259,2,6,81.9,23.8,2139,72,69.06,3,10,10,-2.9000000000000057,6.77,114,153,116,150,304,324,292
20,663773,"Hoeing, Bryan",267,7.5,0.5,0.75,1,1.25,0.739,0.498,0.319,2,4,100.7,21.5,2355,80.3,80.69,2,7,13,0.4000000000000057,6.64,110,158,127,151,305,316,294
20,597113,"Johnson, DJ",72,27.8,0.2,0,0.2,0.2,0.176,0.288,0.295,1,5,88.5,7.2,2781,80.6,80.47,1,10,10,-0.09999999999999432,6.8,122,159,128,154,296,321,301
20,534910,"Hahn, Jesse",88,22.7,0,0,0,0,0,0.388,0.429,0,1,89.5,5,3128,77.5,77,1,8,12,-0.5,6.37,107,159,110,147,286,318,298
20,673904,"Walsh, Jake",65,30.8,0,0,0,0,0.176,0.327,0.11,0,6,98,30.5,2425,81.4,80.42,3,5,15,-1,5.92,114,149,119,146,301,318,293
20,445926,"Chavez, Jesse",1730,1.2,0,0,0,0,0,0.037,0.028,0,3,90.2,29,2512,76.9,76.7,4,8,12,-0.20000000000000284,6.23,117,153,119,147,308,320,294
19,656322,"Coonrod, Sam",948,2,0.25,0.75,0,1,0.518,0.074,0.044,1,4,88.6,47.3,2573,85.4,85.31,1,8,11,-0.10000000000000853,6.35,112,153,121,147,301,327,288
19,620396,"Aguilar, Miguel",104,18.3,0,0,0,0,0,0.164,0.146,0,7,84.2,10.6,2393,80.4,79.68,3,13,6,-0.7000000000000028,5.89,118,152,118,153,292,325,295
19,656492,"Griffin, Foster",111,17.1,0,0,0,0,0.23,0.373,0.232,0,2,81.2,-32.7,2203,79.8,79.32,2,7,12,-0.5,6.04,104,149,114,143,302,323,299
19,547176,"Camarena, Daniel",174,10.9,0.143,0,0.333,0.143,0.126,0.182,0.142,1,7,91.7,27.7,2012,77.8,77.81,6,10,9,0,6.36,115,152,122,148,293,322,313
19,621079,"Wiles, Collin",154,12.3,0,0,0,0,0,0.072,0.079,0,2,77.2,2,2400,77,77.21,4,10,9,0.20000000000000284,6.74,102,144,119,143,306,331,299
18,596271,"Lawrence, Casey",297,6.1,0.5,0.5,0.667,1,0.631,0.637,0.464,2,4,97.4,22.7,2554,78.6,78.23,3,10,8,-0.3999999999999915,6.05,116,154,119,153,282,315,290
18,605446,"Rodríguez, Dereck",99,18.2,0.167,0,0.2,0.167,0.147,0.209,0.215,1,6,77.7,9.8,2725,76.6,76.27,3,9,9,-0.29999999999999716,6.33,94,136,105,132,268,296,276
18,667725,"Tyler, Kyle",230,7.8,0.333,0,0.5,0.333,0.294,0.319,0.309,2,6,82.2,1,2298,76.5,77.41,2,9,9,0.9000000000000057,6.88,118,165,120,152,288,316,303
18,685503,"Arihara, Kohei",1086,1.7,0.25,0.5,0.25,0.75,0.392,0.55,0.395,1,4,94.6,18,2245,74.1,74.11,0,4,14,0,6.46,120,161,113,151,298,328,303
17,573127,"Rosscup, Zac",48,35.4,0.333,0,0.5,0.333,0.293,0.222,0.241,1,3,96.6,-11,2510,81.2,80.59,2,12,5,-0.6000000000000085,6.17,109,137,113,135,297,317,300
17,642239,"Zastryzny, Rob",72,23.6,0.5,0.5,0.5,1,0.65,0.389,0.238,1,2,73.4,29.5,2250,80,79.86,3,7,10,-0.09999999999999432,6.38,122,159,129,155,294,326,298
17,592390,"Hembree, Heath",1486,1.1,0.5,1.5,,2,1.036,0.604,0.316,1,2,101.5,29,2754,80.5,80.71,1,4,13,0.20000000000000284,6.52,114,158,121,150,299,322,296
16,669084,"Hall, DL",269,5.9,0.5,0,0.5,0.5,0.442,0.135,0.144,1,2,75.5,-2,2590,80.7,80.71,0,4,12,0,6.46,106,152,116,148,307,318,291
16,656212,"Barnes, Charlie",655,2.4,,,,,,,,,,,,2101,73.6,72.14,1,2,14,-1.4000000000000057,5.12,104,151,116,150,297,332,291
16,658648,"Avila, Pedro",154,10.4,0,0,0,0,0,0.374,0.414,0,2,87.6,5.5,2664,75,74.07,1,5,11,-0.9000000000000057,6.17,115,162,117,149,296,318,305
16,686753,"Jameson, Drey",369,4.3,0.333,0,0.333,0.333,0.401,0.525,0.43,1,3,84.2,32.3,2453,76.7,75.46,2,6,10,-1.2000000000000028,5.68,111,151,110,153,296,324,298
15,664076,"Cleavinger, Garrett",703,2.1,,,,,,,,,,,,2711,76.8,76.15,1,2,13,-0.5999999999999943,6.21,99,150,113,147,302,324,293
15,650668,"Mejía, Humberto",421,3.6,0.25,0.25,0.333,0.5,0.387,0.321,0.233,1,4,84.3,-11.7,2549,76.2,75.25,3,7,8,-1,5.79,119,153,129,154,292,334,293
15,657514,"Bernardino, Brennan",41,36.6,0,0,0,0,0,0.016,0.022,0,3,75.8,58,2680,79.5,78.26,0,8,7,-1.2000000000000028,5.61,104,147,109,143,284,312,285
15,641312,"Anderson, Shaun",458,3.3,0,0,0,0,0,0.003,0.003,0,3,87.4,61,2667,82.7,82.39,2,4,11,-0.29999999999999716,6.51,105,151,126,149,295,320,296
15,596057,"Norris, Daniel",2001,0.7,,,,,0.689,0.689,,0,0,,,2402,76.1,74.84,2,5,10,-1.2999999999999972,5.72,108,155,118,146,294,330,300
15,571951,"Mitchell, Bryan",67,22.4,0.8,0.4,0.8,1.2,0.848,0.486,0.416,4,5,94.2,25.4,2496,83,83.03,0,8,7,0,6.5,103,154,122,149,290,311,281
14,593372,"Martinez, Carlos",1281,1.1,0,0,0,0,0.241,0.274,0.056,0,2,75.8,-5,1950,78.3,76.99,1,2,12,-1.2999999999999972,5.3,124,159,109,152,297,328,309
13,670550,"Rodriguez, Nivaldo",114,11.4,0,0,0,0,0.361,0.406,0.1,0,1,76.2,-5,2453,81.3,80.41,0,3,10,-0.8999999999999915,5.66,116,166,127,153,292,324,295
13,680573,"Woods Richardson, Simeon",91,14.3,0,0,0,0,0,0.977,0.666,0,1,102.8,22,2461,74.3,74.58,2,7,6,0.29999999999999716,6.61,126,162,124,155,296,314,285
13,607229,"Gsellman, Robert",634,2.1,,,,,0.722,0.722,,0,0,,,2555,80,79.79,0,0,13,-0.20000000000000284,6.25,114,157,111,154,297,320,296
13,457915,"Guerra, Javy",148,8.8,0.333,0.333,0.25,0.667,0.31,0.303,0.313,1,3,92.1,31.8,2314,78.5,78.13,1,7,6,-0.4000000000000057,5.89,108,152,115,140,302,318,304
13,607067,"Rea, Colin",91,14.3,0.2,0.2,0.2,0.4,0.207,0.282,0.303,1,5,99.9,30.8,2106,78.9,79.23,1,9,4,0.29999999999999716,6.35,111,156,125,147,297,318,297
13,663959,"Ivey, Tyler",79,16.5,0.5,0,0.5,0.5,0.44,0.878,0.683,1,2,106.7,11,2489,71.5,70.51,1,5,8,-1,6.06,116,172,120,154,301,339,306
13,595918,"Cole, A.J.",114,11.4,0.5,0,0.5,0.5,0.44,0.242,0.248,1,2,94.1,-4.5,2310,78.2,78.47,0,3,10,0.29999999999999716,6.22,112,158,112,153,273,317,288
13,572383,"Moran, Brian",25,52,0.5,1.5,0,2,1.036,0.357,0.207,1,2,80.8,15,2068,69.7,70.43,4,9,4,0.7000000000000028,7.15,120,169,126,146,313,332,294
13,664199,"Clarke, Taylor",1613,0.8,1,1,1,2,1.242,1.855,0.966,1,1,108.3,24,2503,78.7,77.76,0,2,11,-0.9000000000000057,5.73,112,154,110,152,305,330,306
12,571666,"Fiers, Mike",152,7.9,0,0,0,0,0,0.077,0.078,0,3,55.5,-39,2720,71.6,69.88,0,3,9,-1.6999999999999886,5.54,109,148,124,150,306,329,300
12,444876,"Escobar, Alcides",24,50,0.2,0,0.2,0.2,0.177,0.266,0.256,1,5,91.1,9.8,1256,45.3,43.86,0,5,7,-1.3999999999999986,4.97,124,159,137,150,302,323,292
12,644429,"Severino, Anderson",133,9,1,1,1,2,1.261,0.453,0.4,1,1,99.5,18,2548,79,78.43,0,3,9,-0.5999999999999943,6.02,107,152,115,143,295,319,294
12,676755,"Mattson, Isaac",91,13.2,0.667,0,1,0.667,0.612,0.31,0.18,2,3,89.2,-0.5,2038,80.9,81.24,2,6,6,0.29999999999999716,6.56,109,146,129,152,297,321,299
12,656814,"Ortiz, Luis",118,10.2,1,0,1,1,0.884,0.594,0.579,2,2,105.6,12,2677,79.3,78.51,0,6,6,-0.7999999999999972,5.85,110,155,119,151,296,316,296
12,675540,"Curry, Xzavion",165,7.3,0.5,0,0.5,0.5,0.442,0.507,0.485,2,4,84.7,31.5,2427,73.4,73.01,1,5,7,-0.29999999999999716,6.03,109,148,106,151,285,316,292
11,681799,"Roberts, Ethan",177,6.2,1,2,1,3,1.667,1.367,0.78,2,2,106.8,23.5,2888,80.5,80.25,1,7,4,-0.20000000000000284,6.2,107,150,124,161,298,319,295
11,668665,"Nogosek, Stephen",425,2.6,0.5,0,0.5,0.5,0.442,0.446,0.492,1,2,69.4,20.5,2315,76.2,75.96,1,4,7,-0.20000000000000284,6.25,123,166,127,154,296,323,299
11,572362,"Erlin, Robbie",40,27.5,0,0,0,0,0,0.121,0.131,0,1,77.9,-3,2297,75.5,74.75,0,4,7,-0.7999999999999972,6.07,115,153,120,152,295,316,292
11,665661,"Spitzbarth, Shea",82,13.4,0.25,0.75,0,1,0.502,0.359,0.21,1,4,88.9,35.3,2001,76.1,75.38,0,4,7,-0.6999999999999886,5.79,109,152,129,148,305,320,295
11,669214,"Menez, Conner",271,4.1,0,0,,0,0,0,,0,2,,,2150,77.5,77.95,2,5,6,0.4000000000000057,6.53,117,157,120,148,300,325,300
11,518489,"Brasier, Ryan",1182,0.9,0.25,0.75,0,1,0.502,0.326,0.259,1,4,87.6,5.8,2425,77.2,78.11,0,4,7,0.8999999999999915,6.9,112,157,119,157,283,323,312
11,683769,"Gaddis, Hunter",171,6.4,0.333,0.333,0.333,0.667,0.488,0.409,0.277,1,3,87.4,-2.7,2538,74.6,74.89,2,5,6,0.30000000000001137,6.7,115,163,126,151,292,309,289
11,656641,"Latz, Jake",84,13.1,0.333,0,0.5,0.333,0.293,0.129,0.132,1,3,77.9,-8.5,2393,74.3,74.5,1,3,8,0.20000000000000284,6.52,116,155,125,147,293,317,293
11,600944,"Paulino, David",32,34.4,1,1.5,1,2.5,1.443,1.196,0.893,2,2,87.1,26.5,2885,77.2,76.59,0,3,8,-0.6000000000000085,6.29,110,152,116,149,296,331,295
11,660593,"Reyes, Denyi",117,9.4,0,0,0,0,0.23,0.4,0.171,0,2,93.7,28,2254,75.3,76.09,2,4,7,0.7999999999999972,6.95,105,164,123,150,288,319,299
10,657697,"Nittoli, Vinny",66,15.2,,,,,,,,,,,,2677,83.4,84.57,1,1,9,1.1999999999999886,6.99,112,165,120,149,291,314,293
10,596056,"Nogowski, John",35,28.6,0.75,0.25,0.75,1,0.75,0.406,0.37,3,4,92.5,9.8,1397,47.9,46.1,0,5,5,-1.7999999999999972,4.82,115,153,128,147,309,326,290
9,670046,"Rosenberg, Kenny",193,4.7,,,,,,,,,,,,2254,74.1,73.22,1,1,8,-0.8999999999999915,5.62,119,153,118,148,290,322,287
9,656578,"Jackson, Andre",355,2.5,0,0,0,0,0,0.183,0.201,0,2,81.5,-12.5,1913,78.7,78.64,1,5,4,-0.10000000000000853,6.3,108,155,111,145,306,311,288
9,640464,"Stewart, Kohl",237,3.8,,,,,,,,,,,,2607,77.5,77.56,1,3,6,0.09999999999999432,6.41,109,151,114,151,299,320,304
9,592273,"Drury, Brandon",27,33.3,,,,,0.722,0.722,,0,0,,,2103,66.8,65.77,1,3,6,-1,5.32,117,159,124,148,304,334,305
9,676050,"Naughton, Packy",945,1,,,,,,,,,,,,2173,74.5,73.71,1,1,8,-0.7999999999999972,5.54,99,152,112,147,305,329,299
8,656725,"McRae, Alex",49,16.3,,,,,,,,,,,,2274,84.3,84.61,0,1,7,0.29999999999999716,6.4,107,148,120,146,298,322,291
8,405395,"Pujols, Albert",27,29.6,0.5,0.75,0.333,1.25,0.739,0.419,0.333,2,4,95.3,17.3,1528,53.3,51.81,0,5,3,-1.5,4.81,121,157,116,148,318,334,303
8,534812,"Quackenbush, Kevin",20,40,0.5,0,1,0.5,0.44,0.189,0.21,1,2,97.8,-1,2107,76.7,75.69,0,4,4,-1,5.69,111,151,120,148,306,319,288
8,543901,"Weber, Ryan",287,2.8,1,3,0,4,1.003,1.036,0.977,1,1,100.8,29,2332,73.9,72.46,0,3,5,-1.4000000000000057,5.4,116,154,119,150,283,327,299
8,663804,"Kowar, Jackson",942,0.8,,,,,,,,,,,,2080,78.2,77.58,0,1,7,-0.6000000000000085,5.9,99,156,113,146,303,320,302
7,621078,"Lail, Brady",28,25,0.333,0,0.5,0.333,0.293,0.128,0.134,1,3,82.2,-5,2596,82.5,81.9,2,4,3,-0.5999999999999943,5.87,113,154,120,148,314,319,296
7,501593,"Avilán, Luis",108,6.5,,,,,,,,,,,,2234,75.7,74.27,0,2,5,-1.4000000000000057,5.21,110,158,116,151,299,312,300
7,608650,"Enns, Dietrich",360,1.9,1,1,1,2,1.242,0.538,0.363,1,1,97.5,26,2110,75,74.96,1,4,3,0,6.27,103,150,121,146,287,315,306
6,605501,"Tarpley, Stephen",15,40,1,0,1,1,0.8,0.734,0.8,1,1,76.4,16,2247,80,79.5,0,1,5,-0.5,6.15,96,134,105,142,293,328,305
6,605155,"Brewer, Colten",30,20,0,0,,0,0.346,0.346,,0,1,,,2724,81.1,80.23,1,1,5,-0.8999999999999915,6.13,114,155,123,150,299,337,283
6,608700,"Plawecki, Kevin",36,16.7,1,0,1,1,0.884,0.571,0.634,1,1,76,15,1847,57.6,56.37,0,3,3,-1.2000000000000028,5.32,114,158,131,149,303,334,291
6,657141,"Yamamoto, Jordan",111,5.4,0,0,0,0,0,0.709,0.754,0,1,92.6,11,2595,74.2,73.65,1,2,4,-0.5,6.27,116,154,102,149,301,325,303
6,640462,"Puk, A.J.",1315,0.5,0,0,0,0,0,0.045,0.047,0,2,82.3,-11,2235,82.4,83.35,1,5,1,1,6.75,111,154,131,160,289,331,309
6,592831,"Wade, Konner",248,2.4,,,,,,,,,,,,1868,78.4,77.03,0,0,6,-1.2999999999999972,5.38,119,152,127,150,300,327,298
6,656354,"Davis, Austin",1591,0.4,0,0,,0,0.346,0.346,,0,1,,,2269,78.9,78.2,0,0,6,-0.7000000000000028,6.15,117,160,131,151,288,329,298
6,572193,"Tepera, Ryan",1840,0.3,0,0,,0,0,0,,0,1,,,2282,80.8,80.47,1,2,4,-0.29999999999999716,6.3,117,155,117,149,304,319,289
6,543281,"Harrison, Josh",57,10.5,1,0,1,1,0.884,0.747,0.726,2,2,96.3,16.5,1530,49.3,46.23,0,2,4,-3.0999999999999943,3.47,115,147,121,144,303,330,307
6,656008,"Zabala, Aneurys",43,14,0,0,0,0,0,0.118,0.129,0,3,76,15,2640,83.5,83.08,2,4,2,-0.4000000000000057,6.13,118,155,108,154,284,310,285
6,519455,"Zimmermann, Jordan",82,7.3,0.5,0.5,0.5,1,0.621,0.684,0.456,1,2,98.8,25,2384,80.3,80.07,0,2,4,-0.20000000000000284,6.02,109,155,120,149,298,319,296
6,624418,"Castellani, Ryan",110,5.5,0,0,0,0,0,0.075,0.057,0,3,88.3,6,2426,78.8,79.18,0,2,4,0.4000000000000057,6.43,110,157,118,149,306,326,301
5,669854,"Blanco, Ronel",120,4.2,,,,,,,,,,,,2392,81,81.06,1,1,4,0.09999999999999432,6.64,113,150,120,149,296,312,295
5,669093,"Estrada, Jeremiah",117,4.3,,,,,,,,,,,,2600,73.1,73.46,0,1,4,0.4000000000000057,7,114,148,112,158,292,320,294
5,660600,"Paredes, Enoli",311,1.6,1,1,1,2,1.242,0.689,0.603,1,1,106.1,16,2984,80.1,79.5,0,2,3,-0.5999999999999943,6.18,112,141,114,143,294,324,292
5,663366,"Burrows, Beau",267,1.9,0,0,0,0,0,0.73,0.783,0,1,98,10,2320,75.2,73.7,0,1,4,-1.5,5.22,107,162,96,145,302,334,292
5,670456,"Hammer, JD",405,1.2,,,,,,,,,,,,2311,75.7,74.94,1,2,3,-0.7999999999999972,6,109,150,118,150,294,309,284
5,670056,"Baragar, Caleb",358,1.4,0,0,0,0,0,0.355,0.394,0,1,76.9,12,2657,78.1,78.62,0,1,4,0.5,6.56,114,152,120,147,298,323,295
5,664852,"Flaa, Jay",61,8.2,0,0,0,0,0,0.245,0.254,0,1,62.7,9,2426,80.8,79.74,1,2,3,-1.0999999999999943,5.78,113,149,119,147,305,321,291
5,641755,"Kinley, Tyler",1519,0.3,,,,,,,,,,,,2769,86,85.2,0,0,5,-0.7999999999999972,5.54,115,151,122,150,298,326,302
5,680430,"Allgeyer, Nick",14,35.7,0,0,0,0,0,0.457,0.409,0,1,97.2,18,2534,76.8,76.02,2,3,2,-0.7999999999999972,5.68,121,159,141,152,286,313,292
5,622110,"Duffy, Matt",5,100,0,0,0,0,0,0.072,0.056,0,1,71.7,-17,1704,76.7,75.42,0,1,4,-1.2999999999999972,5.18,111,151,125,146,311,335,318
5,642336,"Mejía, Francisco",28,17.9,0.5,0,0.5,0.5,0.581,0.567,0.438,1,2,80.6,-22,1199,44.2,42.3,0,2,3,-1.9000000000000057,4.5,115,159,129,152,305,326,309
5,678394,"Bello, Brayan",997,0.5,,,,,,,,,,,,2447,80.2,80.28,0,1,4,0.09999999999999432,6.28,113,172,94,155,290,330,294
5,663878,"Pearson, Nate",301,1.7,1,0,1,1,0.879,0.652,0.703,1,1,75.9,25,2308,74.4,74.28,0,1,4,-0.10000000000000853,6.58,111,157,152,144,288,325,292
4,657745,"Rossman, Bubby",18,22.2,0,0,0,0,0,0.02,0.014,0,1,95.4,44,1999,87.8,88.15,1,2,2,0.4000000000000057,6.42,108,150,124,146,312,338,290
4,607352,"Biagini, Joe",41,9.8,,,,,0.722,0.722,,0,0,,,2772,71.8,70.35,0,0,4,-1.3999999999999915,5.67,108,155,97,152,310,325,301
4,592464,"Kickham, Mike",45,8.9,0,0,,0,0,0,,0,1,,,2511,77.3,77.2,1,2,2,-0.09999999999999432,6.35,121,154,131,153,299,316,292
4,642203,"Widener, Taylor",1545,0.3,1,0,1,1,0.884,0.74,0.693,2,2,103.8,14.5,2230,80.1,80.05,0,2,2,0,6.53,98,145,118,143,311,322,306
4,608686,"Mayfield, Jack",16,25,0,0,0,0,0,0.123,0.122,0,2,69.3,6.5,1306,55.2,53.35,0,2,2,-1.8000000000000043,4.55,113,151,133,151,297,325,285
4,670032,"Lopez, Nicky",16,25,,,,,,,,,,,,2911,57.1,54.18,0,0,4,-2.8999999999999986,4.25,119,159,130,149,327,341,308
4,592743,"Simmons, Andrelton",25,16,1,0,1,1,0.884,0.758,0.77,2,2,81.9,23.5,1354,46.5,44.6,0,2,2,-1.8999999999999986,4.7,116,146,115,144,297,313,290
4,519203,"Rizzo, Anthony",15,26.7,0,0,,0,0,0,,0,1,,,1795,58.4,57.73,1,1,3,-0.6999999999999957,5.72,121,150,137,149,312,335,319
4,596825,"García, Robel",29,13.8,1,0,1,1,0.879,0.874,0.923,1,1,87,14,1902,67,65.13,0,1,3,-1.9000000000000057,4.93,119,155,125,150,293,329,289
4,641482,"Cortes, Nestor",3989,0.1,0.5,0,1,0.5,0.442,0.1,0.11,1,2,47.1,-44,2469,72.4,71.45,1,2,2,-1,5.63,114,154,123,149,308,324,290
4,673316,"Barker, Luke",54,7.4,0.5,0,0.5,0.5,0.442,0.265,0.29,1,2,92.7,-1,2574,81.4,81.38,0,2,2,0.10000000000000853,6.53,104,138,109,136,295,319,298
4,607054,"Peterson, Jace",48,8.3,0.5,0,0.5,0.5,0.44,0.535,0.562,1,2,63.9,-23,937,45.5,44.2,0,2,2,-1.2999999999999972,4.72,125,163,151,157,304,327,303
3,668684,"Tully, Tanner",116,2.6,0,0,0,0,0,0.041,0.04,0,1,84.3,-26,2479,75.2,74.7,1,2,1,-0.5,5.9,105,153,126,147,303,315,284
3,446099,"Axford, John",22,13.6,1,0,1,1,0.879,0.544,0.603,1,1,97.3,8,2070,79.2,79.37,0,2,1,0.20000000000000284,6.5,109,145,126,148,296,311,297
3,670102,"Francis, Bowden",9,33.3,1,1,1,2,1.261,0.303,0.337,1,1,77.8,9,2627,74.9,74.8,0,3,0,-0.10000000000000853,6.87,92,149,109,141,288,323,298
3,542992,"Burns, Andy",24,12.5,0.5,1.5,0,2,1.003,0.897,0.493,1,2,83.8,-6,1710,74.1,73.73,0,2,1,-0.3999999999999915,5.87,124,161,128,155,302,320,306
3,543456,"Lobstein, Kyle",34,8.8,0,0,0,0,0,0.055,0.061,0,1,72,-19,2405,80.4,79.5,0,1,2,-0.9000000000000057,5.73,119,166,133,154,292,325,306
3,676766,"Snyder, Nick",92,3.3,,,,,,,,,,,,2679,82.1,81.6,0,0,3,-0.5,6,117,153,113,151,298,326,297
3,476594,"Stock, Robert",168,1.8,,,,,,,,,,,,2540,77.8,77.57,0,0,3,-0.20000000000000284,6.33,112,160,117,151,294,323,304
3,641576,"Flores Jr., Bernardo",12,25,1,0,1,1,0.879,0.464,0.403,1,1,99,18,2235,70.6,71.7,0,1,2,1.1000000000000085,7.13,98,147,122,149,296,324,306
3,596001,"Junis, Jakob",2429,0.1,,,,,,,,,,,,2320,77.6,76.37,0,0,3,-1.1999999999999886,5.27,109,147,86,154,281,320,297
3,670057,"Hartman, Ryan",46,6.5,0,0,0,0,0,0.112,0.103,0,1,93.4,-17,1993,75,74.93,0,1,2,-0.09999999999999432,6.5,108,155,126,151,285,326,291
3,607468,"Blandino, Alex",72,4.2,0,0,0,0,0,0.1,0.111,0,1,77.1,-4,1131,73.9,72.93,0,1,2,-1,5.93,116,165,135,150,289,323,281
3,642028,"Rogers, Josh",952,0.3,,,,,,,,,,,,2080,75.2,74.93,0,0,3,-0.29999999999999716,5.87,125,157,99,146,294,323,304
2,606213,"Mercedes, Yermín",32,6.3,,,,,,,,,,,,1501,66.7,65.1,0,0,2,-1.6000000000000085,4.95,126,147,125,153,275,327,307
2,614177,"Reyes, Franmil",10,20,,,,,0.72,0.72,,0,0,,,1897,71,70.65,0,0,2,-0.29999999999999716,5.9,114,153,126,150,307,320,292
2,545341,"Grichuk, Randal",10,20,0,0,0,0,0,0.508,0.54,0,1,105.6,3,1682,56.5,55.35,0,1,1,-1.2000000000000028,5.15,113,154,132,142,319,349,317
2,663562,"Davis, Noah",32,6.3,0,0,,0,0,0,,0,1,,,2637,76.2,75.45,0,1,1,-0.7999999999999972,5.85,123,153,143,148,292,318,296
2,519048,"Moreland, Mitch",17,11.8,0,0,0,0,0,0.19,0.111,0,1,93.4,32,2334,73.3,72.75,0,1,1,-0.5,5.75,115,149,121,150,299,330,299
2,688010,"Fisher, Nate",50,4,,,,,,,,,,,,2449,75.3,73.65,0,0,2,-1.5999999999999943,5.25,102,150,123,148,298,324,294
2,596103,"Slater, Austin",6,33.3,,,,,,,,,,,,1456,69.7,68.05,0,0,2,-1.7000000000000028,4.6,125,183,113,156,296,314,305
2,543278,"Hardy, Blaine",31,6.5,,,,,,,,,,,,2041,77.2,76.35,0,0,2,-0.9000000000000057,6.15,121,163,112,154,295,310,303
2,642073,"Sherfy, Jimmie",230,0.9,,,,,,,,,,,,2391,72.6,73.2,0,0,2,0.6000000000000085,6.55,114,152,120,149,305,317,275
2,606162,"Ramírez, Yefry",23,8.7,,,,,,,,,,,,2572,79.7,80.05,0,0,2,0.29999999999999716,6.5,126,177,155,152,302,325,309
2,676886,"Beasley, Jeremy",469,0.4,,,,,,,,,,,,2281,78.3,78,0,0,2,-0.29999999999999716,6.25,116,161,120,153,291,311,294
2,571616,"Dermody, Matt",26,7.7,,,,,,,,,,,,2332,74.9,74.65,0,0,2,-0.20000000000000284,6.05,111,150,117,150,311,318,293
2,607609,"Ladwig, A.J.",41,4.9,,,,,,,,,,,,2339,75.5,74.75,0,0,2,-0.7000000000000028,5.95,112,154,118,152,313,321,290
2,572761,"Carpenter, Matt",26,7.7,1,0,1,1,0.879,0.875,0.92,1,1,88.2,16,1696,52.4,50.6,0,1,1,-1.7999999999999972,5.05,122,174,135,152,293,312,300
2,668834,"McGee, Easton",46,4.3,,,,,,,,,,,,2274,74.7,74.35,0,0,2,-0.4000000000000057,6.5,109,166,112,154,280,321,296
2,660906,"Perez, Francisco",327,0.6,,,,,,,,,,,,2654,76.2,74.2,0,1,1,-2,5.35,122,152,119,149,298,317,299
2,668338,"Miller, Tyson",228,0.9,0,0,0,0,0,0.113,0.121,0,1,92.1,-17,2522,77.2,78.1,0,1,1,0.8999999999999915,7.15,118,153,103,148,291,319,293
2,594809,"Eaton, Adam",21,9.5,,,,,,,,,,,,2183,70,68.65,0,0,2,-1.2999999999999972,5.35,105,156,118,148,304,331,303
2,592407,"Holaday, Bryan",16,12.5,0,0,0,0,0.361,0.514,0.18,0,1,95.6,33,,62.4,60.05,0,1,1,-2.299999999999997,5.15,121,168,135,154,307,341,294
2,621259,"Koerner, Brody",52,3.8,,,,,,,,,,,,2193,74.4,75.4,0,0,2,1,7,125,158,133,154,302,317,280
1,643361,"Herget, Kevin",111,0.9,,,,,,,,,,,,2330,82,81,0,0,1,-1,5.6,96,150,119,150,277,316,303
1,593160,"Merrifield, Whit",13,7.7,1,3,,4,2.072,1.179,0.597,1,1,101.9,31,1866,61.1,57.6,0,1,0,-3.5,3.7,112,148,118,145,304,324,305
1,663534,"Walters, Nash",16,6.3,,,,,,,,,,,,2421,79.1,79.2,0,0,1,0.10000000000000853,6.7,96,171,93,153,294,311,297
1,502327,"Santiago, Héctor",491,0.2,,,,,,,,,,,,2292,75.8,74.9,0,0,1,-0.8999999999999915,5.7,107,156,122,146,309,312,280
1,656061,"Abreu, Albert",1349,0.1,,,,,,,,,,,,2561,81,80.9,0,0,1,-0.09999999999999432,6.5,122,173,97,153,291,332,301
1,642060,"Sedlock, Cody",71,1.4,,,,,,,,,,,,2576,77.3,77,0,0,1,-0.29999999999999716,6.3,123,181,100,156,285,322,306
1,667373,"Rondón, Angel",115,0.9,1,0,1,1,0.879,0.691,0.734,1,1,91.1,11,2017,74.6,76.3,0,1,0,1.7000000000000028,7,131,155,129,151,295,309,312
1,650633,"King, Michael",1785,0.1,,,,,,,,,,,,2316,74.2,73.6,0,0,1,-0.6000000000000085,6,125,151,94,153,277,319,293
1,641914,"Neuse, Sheldon",33,3,0,0,0,0,0,0.156,0.166,0,1,76.9,33,1378,40.4,38.5,0,1,0,-1.8999999999999986,4.5,120,153,125,151,307,334,295
1,641682,"Hendrix, Ryan",683,0.1,,,,,,,,,,,,2054,75.7,74.1,0,0,1,-1.6000000000000085,5,88,141,138,147,289,321,303
1,676103,"Jones, Damon",116,0.9,,,,,0.72,0.72,,0,0,,,2445,80.2,80.1,0,0,1,-0.10000000000000853,6.6,113,153,121,150,299,320,291
1,644374,"Chang, Yu",26,3.8,1,0,1,1,0.884,0.655,0.689,1,1,106.9,8,2803,40.4,37.5,0,1,0,-2.8999999999999986,4.3,95,153,117,150,302,331,301
1,693821,"Elder, Bryce",873,0.1,,,,,,,,,,,,2452,78.6,77.6,0,0,1,-1,5.6,112,153,114,143,308,337,280
1,570663,"Robles, Hansel",1607,0.1,,,,,,,,,,,,1972,73.3,73.7,0,0,1,0.4000000000000057,6.3,87,153,124,149,296,314,295
1,594694,"Difo, Wilmer",59,1.7,,,,,,,,,,,,2267,76.7,75.5,0,0,1,-1.2000000000000028,5.2,120,168,151,151,315,334,310
1,605276,"Hess, David",367,0.3,,,,,,,,,,,,2451,75.3,74.4,0,0,1,-0.8999999999999915,5.7,117,154,122,148,283,311,293
1,608348,"Kelly, Carson",68,1.5,,,,,,,,,,,,1859,63.4,61,0,0,1,-2.3999999999999986,4.7,117,155,124,145,311,333,308
1,543045,"Conley, Adam",296,0.3,,,,,,,,,,,,2217,82.5,83.1,0,0,1,0.5999999999999943,6.6,113,155,122,150,304,316,287
1,608703,"Reynolds, Matt",21,4.8,,,,,,,,,,,,1828,58.3,56.5,0,0,1,-1.7999999999999972,4.9,113,153,129,149,302,326,307
1,642162,"Valaika, Pat",7,14.3,,,,,,,,,,,,2033,60.3,57.8,0,0,1,-2.5,4.2,119,152,113,154,296,328,303
1,669459,"Nelson, Kyle",769,0.1,,,,,,,,,,,,2415,77,75.6,0,0,1,-1.4000000000000057,5.8,121,147,152,144,299,323,300
1,641384,"Bostick, Akeem",14,7.1,,,,,,,,,,,,2216,73.5,73.7,0,0,1,0.20000000000000284,6.6,125,184,146,156,302,339,307
1,664747,"Díaz, Alexis",1077,0.1,,,,,,,,,,,,2864,81.4,83.6,0,0,1,2.1999999999999886,7.4,87,145,117,136,290,310,280
1,664789,"Tom, Ka'ai",20,5,,,,,,,,,,,,1533,57.7,56.5,0,0,1,-1.2000000000000028,5.2,110,153,126,149,295,321,289
1,452678,"Cabrera, Asdrúbal",17,5.9,,,,,,,,,,,,1360,58.3,56.5,0,0,1,-1.7999999999999972,5,118,144,131,153,306,328,303
1,641302,"Alexander, Tyler",3231,0,,,,,,,,,,,,2219,74.8,74.6,0,0,1,-0.20000000000000284,6.1,106,153,125,147,299,316,276
1,503556,"Gonzalez, Marwin",15,6.7,0,0,0,0,0,0.017,0.014,0,1,102,61,1808,72,71.3,0,1,0,-0.7000000000000028,5.5,115,154,128,146,270,324,302